request_number,request_status,request_date_processed,order_name_cargo,order_weight_cargo,order_volume_cargo,order_count_ts,order_cnt_trip,route_start_address,route_start_date,route_end_address,route_end_date,route_distance,route_time,route_time_zone_tag,object_expend_code,object_expend_name,route_polyline,route_points_json,pl_id,pl_ts_number,pl_date_out,pl_date_out_plan,pl_date_in_plan,pl_status,pl_close_list,ts_id_mo,ts_reg_number,ts_name_mo,calc_order_descr,extracted_request_number,calc_total_clock,calc_idle_clock,calc_object_expend,calc_route_distance,calc_route_time,glonass_distance,glonass_engine_time,mon_distance,mon_moving_time_hours,mon_engine_time_hours,mon_idling_time_hours,mon_fuel_rate,mon_parkings_count,mon_parkings_total_hours
121369,IN_WORK,24.01.2026 08:10:15,плита ПДН-14,3763.0,214.2,1.0,224.0,"71Н-1656 Подъезд к промпорту, Тобольск",01.02.2026,"Тобольск, Р-404 Тюмень — Тобольск — Ханты-Мансийск",01.03.2026,24686,1773414,МСК+2,A361975,Строительство и реконструкция моста через р. Иртыш. А/д Р-404,{rybJykk_LlGge@CsC@yBDeBJoBj@yFh@eD`AwFpEqU|EcXhRccA|BwMhR{mA|Gob@bAoHPq@Vo@p@eAdBaBaBwGkBuIyAqH_@oBs@cFaEkZo@aGEkA?}A^iCXeATq@Zk@h@o@^]rBo@hAWdAg@^]tN_Q|a@ah@~@mA|@sAdB_Dl@sAfc@wgAto@}`B|JuVbRqe@`C_G~@qBrAeCfAeBp@w@dAw@pAe@nBa@lBGnqAWtXMdx@Bbl@]bBDnMK|M?pNIhAEbBQxCc@~G}AvC_A`C}@vEuBpC}AjA}@rCgC|AaBzDsExFuH`GaJpAyBbCyEtCuHzBsG`GiOvGmNj@kApAwBfB_CvCoDlDwD|HuHrD{CjBsAnBcAnBw@|HkBdDg@nEg@|CWrLi@jD_@vKmBdH_Bn[yJdFmArCY~BGbKE`MZbNVvDT~Cd@jCn@fGnBjFzBpHlCxPrGfIpCxNnF|ClArg@fRtBhAhClBxBnBbE~DfFhG|EzGtBdDrCbFlAlC~B~F}@hBQFY[WOaDJa@N]p@Y\Wn@k@x@QH{@QW[Og@EqADcAXoAn@gBrAqBL_@h@qD?a@EW[o@WkAsE}GmAcAiCeDy@w@u@cAm@m@w@]{BiBo@jAuCfAiA?e@x@s@rB[hD,"[{""lat"": 58.299184389621146, ""lng"": 68.21951866149904, ""address"": ""71Н-1656 Подъезд к промпорту, Тобольск"", ""date"": ""01.02.2026"", ""time"": ""08:00""}, {""lat"": 58.14389475246397, ""lng"": 68.35899353027345, ""address"": ""Тобольск, Р-404 Тюмень — Тобольск — Ханты-Мансийск"", ""date"": ""01.03.2026"", ""time"": ""08:00""}]",798_03.02.2026,798,03.02.2026,03.02.2026 08:00:00,03.02.2026 20:00:00,CLOSED,05.02.2026,736,В614СО89,С/тягач КамАЗ 44108-24,"№121369/1 от 24.01.2026. ТФ ""Мостоотряд-36"" филиал АО ""Мостострой-11""",121369.0,11.0,0.0,A361975,,,,,70.03,2.76,12.0,9.24,47.699999999999996,18,8.71
121369,IN_WORK,24.01.2026 08:10:15,плита ПДН-14,3763.0,214.2,1.0,224.0,"71Н-1656 Подъезд к промпорту, Тобольск",01.02.2026,"Тобольск, Р-404 Тюмень — Тобольск — Ханты-Мансийск",01.03.2026,24686,1773414,МСК+2,A361975,Строительство и реконструкция моста через р. Иртыш. А/д Р-404,{rybJykk_LlGge@CsC@yBDeBJoBj@yFh@eD`AwFpEqU|EcXhRccA|BwMhR{mA|Gob@bAoHPq@Vo@p@eAdBaBaBwGkBuIyAqH_@oBs@cFaEkZo@aGEkA?}A^iCXeATq@Zk@h@o@^]rBo@hAWdAg@^]tN_Q|a@ah@~@mA|@sAdB_Dl@sAfc@wgAto@}`B|JuVbRqe@`C_G~@qBrAeCfAeBp@w@dAw@pAe@nBa@lBGnqAWtXMdx@Bbl@]bBDnMK|M?pNIhAEbBQxCc@~G}AvC_A`C}@vEuBpC}AjA}@rCgC|AaBzDsExFuH`GaJpAyBbCyEtCuHzBsG`GiOvGmNj@kApAwBfB_CvCoDlDwD|HuHrD{CjBsAnBcAnBw@|HkBdDg@nEg@|CWrLi@jD_@vKmBdH_Bn[yJdFmArCY~BGbKE`MZbNVvDT~Cd@jCn@fGnBjFzBpHlCxPrGfIpCxNnF|ClArg@fRtBhAhClBxBnBbE~DfFhG|EzGtBdDrCbFlAlC~B~F}@hBQFY[WOaDJa@N]p@Y\Wn@k@x@QH{@QW[Og@EqADcAXoAn@gBrAqBL_@h@qD?a@EW[o@WkAsE}GmAcAiCeDy@w@u@cAm@m@w@]{BiBo@jAuCfAiA?e@x@s@rB[hD,"[{""lat"": 58.299184389621146, ""lng"": 68.21951866149904, ""address"": ""71Н-1656 Подъезд к промпорту, Тобольск"", ""date"": ""01.02.2026"", ""time"": ""08:00""}, {""lat"": 58.14389475246397, ""lng"": 68.35899353027345, ""address"": ""Тобольск, Р-404 Тюмень — Тобольск — Ханты-Мансийск"", ""date"": ""01.03.2026"", ""time"": ""08:00""}]",799_03.02.2026,799,03.02.2026,03.02.2026 20:00:00,04.02.2026 08:00:00,CLOSED,05.02.2026,736,В614СО89,С/тягач КамАЗ 44108-24,"№121369/1 от 24.01.2026. ТФ ""Мостоотряд-36"" филиал АО ""Мостострой-11""",121369.0,11.0,0.0,A361975,,,,,52.89,1.1,12.0,10.9,36.2,4,10.87
121389,IN_WORK,23.01.2026 15:45:09,,,,1.0,56.0,Омск,01.02.2026,Харино,01.03.2026,54359,4411750,МСК+2,A362492,Строительство автомобильной дороги «Северный обход г. Омска»,ebnoIidm~LXFv@AxWgAtNu@z@AHr^?`p@AnMEjC?|Bh@dJ?`H\`Gd@~TPhYbBbcALxADrAFnAAb@GPSVc@XYb@b@vTTjIHt@pBkArK_IrIuGlc@}\vlAo_An@k@jE_F|UwXve@yj@~_@_d@dk@}p@~PqSzCiDfAcAtk@qc@t@s@X_@tCiFn@aAjBeBh@Yl@Qr@KfA?`@Bb@J~MvFxLjE`t@bV~[lKb\xKbm@`TdCv@zIzC~Ah@tPpDxD~@zEx@jE~@r@XnBlA~@v@zAxAnA`Bp^re@pMpQv[te@nG|JrCrDl@~@vCdFxKjPnE`GpEpFPk@PSnBsGtAvBpPhYn@x@pAzAfKdL~AvBxAxBsApDiArDuFhS]pA]|AKfAEn@yBzbA_GreCUbNGtJAnWAp@KpB}G~k@}Dj]SjCA`Bmb@hjAiMx\kBxFo@|Bo@rCmAjGi@nE_AbKaKvhAuCvZyDb_@gBnQk@lGu@|Ky@xM{HnyAiArRiAtU]`FeAhRq@rJkKvrAoA`Ok@nFi@fEe@~COx@m@hBsBlIo@xCqAbE}AdEwAbDuAnCuAfCiC|DsDxEaA|@cG~E_xAzfAs^zWyBnAsAdAaB`BaPpMoNlKgo@hf@uNpJuWtKw`Ax_@{fAh_@uErA_NbFoQnGcANO?]ESOg@w@oFmX{BiKqBaKwGa`@_A}GQeB_@yLeAgs@_@m^EsAI_ASeAa@wAUmAWuCA_DD}CA_BCqA_AeMEiA?_AJkCP_CPcBjEo\j@cFTiC?o@Kc@OSQGo@EmQJ{e@FgRHgXCk@Cc@Ma@UWYkHyLmAgBw@wA_@{@yCwKuBeI_@iA]w@iAiBa@k@g@]_@IsFNoAA{@ISM{@aA_@k@Ui@Sm@Mu@M_Ay@uKQoBcBiN_@_Fc@iHoAmPk@{GOaDIwDKcQA{JJ_Cx@wMJ_AF[HULQ\SJ{DD}CD_@\_B@]E[KWs@o@kCcDuA}@uB_Aw@k@mAgAm@_Ay@mBUWYI_@CcBBk@Ei@K{Ai@k@e@y@_AgBqCuBaEu@w@g@_@aIuB_HgA_JWiJ}@uHeAyAa@u@IkKj@{BB_Ha@yBNk@?WKGg@@o@vBuNB[?YGUMSc@KaAAiFF]GOOKWGyAEa@I_@{@aBc@e@k@_@qFuBqBiAgBwAcBsBYOo@OmI{@iAQgEgAcCy@_E{Ag@WoCuBkAeAa@c@aEoGmC_DyAoByAaBoGiEsA[}JcG]k@Kg@GgA?oAH_ANs@Ro@No@Bo@Ag@Mc@OSa@EgAL[?e@O}@c@u@e@Y_@KWEc@Bo@Fs@n@sERcC\eHjCmr@@iAMsB,"[{""lat"": 55.1286490684888, ""lng"": 73.30078125000001, ""address"": ""Омск"", ""date"": ""01.02.2026"", ""time"": ""08:00""}, {""lat"": 55.165338405970346, ""lng"": 73.17752838134767, ""address"": ""Харино"", ""date"": ""01.03.2026"", ""time"": ""08:00""}]",1259066955_03.02.2026,1259066955,03.02.2026,03.02.2026 08:00:00,04.02.2026 08:00:00,GIVED_BACK,,121,У519ХУ72,С/тягач Volvo FM Truck 6х4,"№121389/1 от 23.01.2026. ТФ ""Мостоотряд-36"" филиал АО ""Мостострой-11""",121389.0,,,A362492,,,,,88.38,2.58,5.74,3.16,61.7,16,21.22
121389,IN_WORK,23.01.2026 15:45:09,,,,1.0,56.0,Омск,01.02.2026,Харино,01.03.2026,54359,4411750,МСК+2,A362492,Строительство автомобильной дороги «Северный обход г. Омска»,ebnoIidm~LXFv@AxWgAtNu@z@AHr^?`p@AnMEjC?|Bh@dJ?`H\`Gd@~TPhYbBbcALxADrAFnAAb@GPSVc@XYb@b@vTTjIHt@pBkArK_IrIuGlc@}\vlAo_An@k@jE_F|UwXve@yj@~_@_d@dk@}p@~PqSzCiDfAcAtk@qc@t@s@X_@tCiFn@aAjBeBh@Yl@Qr@KfA?`@Bb@J~MvFxLjE`t@bV~[lKb\xKbm@`TdCv@zIzC~Ah@tPpDxD~@zEx@jE~@r@XnBlA~@v@zAxAnA`Bp^re@pMpQv[te@nG|JrCrDl@~@vCdFxKjPnE`GpEpFPk@PSnBsGtAvBpPhYn@x@pAzAfKdL~AvBxAxBsApDiArDuFhS]pA]|AKfAEn@yBzbA_GreCUbNGtJAnWAp@KpB}G~k@}Dj]SjCA`Bmb@hjAiMx\kBxFo@|Bo@rCmAjGi@nE_AbKaKvhAuCvZyDb_@gBnQk@lGu@|Ky@xM{HnyAiArRiAtU]`FeAhRq@rJkKvrAoA`Ok@nFi@fEe@~COx@m@hBsBlIo@xCqAbE}AdEwAbDuAnCuAfCiC|DsDxEaA|@cG~E_xAzfAs^zWyBnAsAdAaB`BaPpMoNlKgo@hf@uNpJuWtKw`Ax_@{fAh_@uErA_NbFoQnGcANO?]ESOg@w@oFmX{BiKqBaKwGa`@_A}GQeB_@yLeAgs@_@m^EsAI_ASeAa@wAUmAWuCA_DD}CA_BCqA_AeMEiA?_AJkCP_CPcBjEo\j@cFTiC?o@Kc@OSQGo@EmQJ{e@FgRHgXCk@Cc@Ma@UWYkHyLmAgBw@wA_@{@yCwKuBeI_@iA]w@iAiBa@k@g@]_@IsFNoAA{@ISM{@aA_@k@Ui@Sm@Mu@M_Ay@uKQoBcBiN_@_Fc@iHoAmPk@{GOaDIwDKcQA{JJ_Cx@wMJ_AF[HULQ\SJ{DD}CD_@\_B@]E[KWs@o@kCcDuA}@uB_Aw@k@mAgAm@_Ay@mBUWYI_@CcBBk@Ei@K{Ai@k@e@y@_AgBqCuBaEu@w@g@_@aIuB_HgA_JWiJ}@uHeAyAa@u@IkKj@{BB_Ha@yBNk@?WKGg@@o@vBuNB[?YGUMSc@KaAAiFF]GOOKWGyAEa@I_@{@aBc@e@k@_@qFuBqBiAgBwAcBsBYOo@OmI{@iAQgEgAcCy@_E{Ag@WoCuBkAeAa@c@aEoGmC_DyAoByAaBoGiEsA[}JcG]k@Kg@GgA?oAH_ANs@Ro@No@Bo@Ag@Mc@OSa@EgAL[?e@O}@c@u@e@Y_@KWEc@Bo@Fs@n@sERcC\eHjCmr@@iAMsB,"[{""lat"": 55.1286490684888, ""lng"": 73.30078125000001, ""address"": ""Омск"", ""date"": ""01.02.2026"", ""time"": ""08:00""}, {""lat"": 55.165338405970346, ""lng"": 73.17752838134767, ""address"": ""Харино"", ""date"": ""01.03.2026"", ""time"": ""08:00""}]",1259066998_03.02.2026,1259066998,03.02.2026,03.02.2026 08:00:00,04.02.2026 08:00:00,GIVED_BACK,,121,У519ХУ72,С/тягач Volvo FM Truck 6х4,"№121389/1 от 23.01.2026. ТФ ""Мостоотряд-36"" филиал АО ""Мостострой-11""",121389.0,,,A362492,,,,,88.38,2.58,5.74,3.16,61.7,16,21.22
121468,IN_WORK,24.01.2026 14:39:41,Свая С14-35Т5,924.5,375.659,1.0,28.0,"ВСЖМ 3 этап, ПК2694, 49Н-1234 Окуловка - Мельница",01.02.2026,"Окуловка, Дубецкая дорога",28.02.2026,5539,337308,МСК+2,A362578,Создание высокоскоростной ж/д мгстр. Санкт-Петербург – Москва (уч. Крюково (Алабушево) – Обухово). 3 Этап – Стр-во уч. Валдай ВСМ. Новгородская обл.,i}ccJ_wfjEmC_@u@Ci@Nc@`@{@`BsAtAaChE}CdH}FvNu@`Cs@bAk@f@qCj@cCbA{@Ou@g@i@aAw@aBcBoF]o@_BgBsDsBmA[sAm@iDeAwEw@eA]g@k@wCcEgAu@kD}@Yd@g@Z_@DWGe@YeCeC[AuBjG{BzHmA~C_@n@SRJh@vAbEjC`O`BnIkKjOC|AOdAS|@iBtF_AxDu@xEoErUIl@IrAPjNXzJ?zAG|AO`C_@zEc@bE{@~FgAhI{A`I]vBm@|@eJvJYj@O~@}Bn{@kBbL[z@,"[{""lat"": 58.35221091545172, ""lng"": 33.30190658394714, ""address"": ""ВСЖМ 3 этап, ПК2694, 49Н-1234 Окуловка - Мельница"", ""date"": ""01.02.2026"", ""time"": ""08:00""}, {""lat"": 58.38295340115731, ""lng"": 33.25462818145753, ""address"": ""Окуловка, Дубецкая дорога"", ""date"": ""28.02.2026"", ""time"": ""20:00""}]",1259067401_03.02.2026,1259067401,03.02.2026,03.02.2026 08:00:00,04.02.2026 08:00:00,PRINTING,,6152,А471ВК172,С/Тягач MAN 6*6,"№121468/1 от 24.01.2026. ТФ ""Мостоотряд-15"" филиал АО ""Мостострой-11""",121468.0,,0.0,A362578,,,,,308.9,5.12,9.28,4.16,438.6,11,18.05
121830,IN_WORK,31.01.2026 16:34:57,"Раздвижной трал для подвоза трубы 1020, длина трубы - 40 м., вес 628,32 тонн, выработка в смену 22,4",538.5,250.0,1.0,28.0,"Пожарная улица, Красная Горка",01.02.2026,Омск,28.02.2026,37894,9569224,МСК+2,A362492,Строительство автомобильной дороги «Северный обход г. Омска»,s{loI}kj}LUDg@XaADgEGm@IyAk@sDgE_@k@Qg@oAoFQa@SYSM_@Gs@Bm@ZMPITGZK~@y@vMK~B@zJJbQHvDN`Dj@zGnAlPb@hH^~EbBhNPnBx@tKL~@Lt@Rl@Th@^j@z@`ARLz@HnA@rFO^Hf@\`@j@hAhB\v@^hAbEvOjAdE^z@pLxRVX`@Tb@Lj@BfXBfRIze@GlQKn@DPFNRJb@?n@UhCk@bFkEn\QbBQ~BKjC?~@DhA~@dMBpA@~AE|C@~CVtCTlA`@vARdAH~@DrA^l^dAfs@VfJFpAPdB~@|GvG``@pB`KzBhKnFlX@j@Cd@I^KXwAhA{k@pW_A~@K\C\Db@LZNPjA^dBVjGdBnEbAdCVtC@tCSrDeAnB}@rDaCrGoFjAgApAyAfA{AxDeH~EeKxAkC~@iA`B{AxA_AhFuCzfAi_@v`Ay_@tWuKtNqJfo@if@nNmK`PqMhBaArAcApBqBr^{W~wA{fAbG_F`A}@rDyEhC}DtAgCtAoCvAcD|AeElCqItBiIVsA|@_Gh@gEj@oFnAaOpDed@xEqm@p@sJdAiR\aFhAuUhAsRzHoyAx@yMt@}Kj@mGfBoQxDc_@tCwZ`KwhAwBb@cDf@kCNaDBu@JaYj@{K\}KRuLb@uC@sBKSCWS_@k@{HrTmErLm@}@yHwCaWxh@w_@fi@eXdMcp@jMiN]}QdXeT|OkXdBeRb@qg@vJ}APyDfAij@bMwkAt[gmApd@oa@~MoXeBe[{N,"[{""lat"": 55.12138568243934, ""lng"": 73.13117980957033, ""address"": ""Пожарная улица, Красная Горка"", ""date"": ""01.02.2026"", ""time"": ""08:00""}, {""lat"": 55.118637029676854, ""lng"": 73.1407928466797, ""address"": ""Омск"", ""date"": ""28.02.2026"", ""time"": ""20:00""}]",1259067069_03.02.2026,1259067069,03.02.2026,03.02.2026 08:00:00,04.02.2026 08:00:00,NOTUSED,,1662,С299ОА72,С/тягач Mercedes-Benz Actros 3346S,"№121830/1 от 31.01.2026. ТФ ""Мостоотряд-36"" филиал АО ""Мостострой-11""",121830.0,,,A362492,,,,,77.82,2.79,12.33,9.54,72.5,28,20.67
121954,IN_WORK,29.01.2026 10:10:19,,,,1.0,15.0,Линево,01.02.2026,Линево,15.02.2026,205305,12992697,МСК+7,A362665,Создание ВСМ Санкт-Петербург – Москва (уч. Крюково (Алабушево) – Обухово). 3 Этап. Основные работы – Стр-во уч. Валдай ВСМ. Новгородская обл.,al_aJ}{slEqC{AcCs@{CcB{IgGoAaA{A}ASdAc@lFY~EWw@cAqAe@}@yBsJoB_GkAiB_AcCm@uB]aC[uDWwA[u@eAiAeGgEeBkBwBwCoA{BkCqGeBqDsHwPs@kB[mAoAeH]uAWq@cBsC{CyGqC}HuA{Eq@sBk@iAu@_AyBqB{AcBsAgAcBeAaC{@wB[}Fi@aEU}@_@g@g@o@cAy@iAmB_BkFkDsDqCmEaGcFmKsGiOyFgLsAaEcAcF_@gCS{BEsGR}Bn@cD`A_D^yBXoDXaC~BeJXaC^aKAqBQaBaGqVW_BUkE[qODiC\_HBcCE_CQeB[iBkAqJGeBNuGMuA[o@aE}EaFwFWc@Sm@eAoGi@wCU[?eBv@yOLkD?uBGiBCgFNkVMoG[uDe@sDkA_FsAuGQqBEyB@iBHiBh@eD|@kEfAmEZ}@rAcDdGgKx@{ArDiI|KmXhBgDhAcBz@y@pHcG~E_FtEcFhDsCnJcH|MyLrByB~@sA`AaBz@}AbDwG|JaUp@oBrAqFnFgUhC{Jb@mAb@aAhCcEvE}HzBgDnA{Br@eBjAwD\gBxIwg@fL}m@hEaVhB_QPmAd@cBrBiEzCeGpAmBvA_BnB_B`NgJxB_BnBaBlBqBxBoC|NuS|NgTtC{DpOiUx@aB\cAj@cCfCkLn@sDT}AVsBPuBJ{B@uAEeAYaD{AiKsI}f@WqCKyBK_EMsNOuAaEkOo@eBuAiE_@}AScBGaAC_ADq@VY~CgCpA}AjAwBrNoK\m@z@uBjBmCRc@DWCm@[eAu@qBwAcD[SaBiFsCsGmAiCgHkL}EiH_BaBmB{AeE{C{A_AwAs@{GqBoDyCqFyEcAoA_@s@qCuIcAkDk@mCKs@Aw@JuC`AgM\wCdDaQlAcGt@wELgAVuDf@{Ib@uEZmBXcA\_AZeA`@kBnCwQzBaNfLko@xFo\|AeK~AoIl@yBbA}C`FcLfD_JdAcD~AwG`BwHd@_Df@oHLcAf@uBp@eBhJgTvIeTrHwPlAcDdCcJtA_Gb@sCJeAJoA~@mTPkCVeD\cDjAsIPqBJyCHuG`@}QhAyp@DoEAgDI{BIiAQgBqBqLSaBY{E}A_n@g@iZMmLBcDN{CX{Dr@mHrAsKRyBFsBBiBCuBKuCScEoAqPGuAAkAD_DVyCZaCb@kAtEgKl@{A\eAXiAT}AP_BPgCJaCD}BBwHDkGDcB^}DRy@X_Ab@iArJkSrAkDdB}Ev@qBd@_A`@m@r@{@pCuB`JuD\]r@aAnIsPf@u@f@k@d@_@b@SzA]rAEzDJbDOnD[vBYtEiA|B[fAAdAJpAThI|CjFdBzAl@xG~B|@d@`Av@|@`AjClErEfIdAnArApA|ChB~PpGbEdBtBvAnEhDhCrAlBX|LTfLc@tKY|f@y@nHI|DKv@Ip@KlCw@xLcEnNqE~`@cMhAU`B?|Af@nSpHvDjBn@P\ARIlAw@nB{ApGwF~@k@hA_@r@Cl@RjF~Cz@bGnEne@ZbBNn@d@tA\r@V\~@r@dAf@hLfEjAn@bBzAj@t@j@lAzAbEdDlKnE|OdCdLHRPJHClAoAx@s@r@QlA?\IfBsBhGmIhCeELGNJ\j@`BhEh@dA~DzGhDpFxIdMJVD`@Aj@EVo@zB[x@AZFZbMnQ\p@p@|AhBmCX[\YlJ_CbAg@dA{A`AmBf@eAL]bAgHX_Cx@l@lEnCdChBxKbH`Ad@hFxCnJ~ErF`DhHrD`DdA|H~EjBp@tRtDpEf@p@?f@Kj@Wp@m@rB}Bx@cAd@a@~FiDlE_ChEiCd@O|@GdAFbIlA`Dv@dA`@ZRj@f@pE~Fh@j@|BlAlIdDjgBro@lUxId@`@\z@T~@Jx@Tr@Xd@f@Tf@Ad@]\q@RcADkAGiASaAQwAGqBr@}GRwAP{@Vy@Zs@p@cAh@_@l@Ud@Ef@FvAx@|AlB~GvH|EvDlArBZ~@XnAV`CDvBKjCWlBk@dBo@hAeAx@wBjAis@tYiu@lZeu@~[c~@la@qcCzfAePjIoHdEcI~EuIxFwLzIeN`L_I`HsG`GqHnHsHbIoSvUkMnP}MrRaNzSiIdNgIzN}I`QcJ~QcRhb@gGnOaHxQ}Svn@wHvVqHlXsH|YyHb\oEbTmEtTkI|d@cIpg@qJvn@wDhVeExV}H`b@}Ija@_AbEyHxZkKv_@oHlVcIhVwGpQiHhRmJ|TuMbZcNxWyJ~PoQ|YsbAdcB{`BjpCiSj^wXlg@ye@t}@yo@hkA{o@rlAos@brAoVnb@eRhZgOjUmLzPuLrP_MpPiMhPe\l`@_Z`\eUjUsU`UkRhPiStPyS~Osc@n\{z@xo@ce@t]yRhPaJrIaEhEkKrLqO~R{C`EmLpQoEnHqGbL_K~R_nAbeC{EjKyMtZiJrUaKtXyHpUkJfZuApE{Kba@y[hlA_Llb@oi@dqB__AjpDeGlScCxHsC~H_InRoIpQgEtHsEvHwEbHwElGeFhGyGhHsHbHoIvGmLnIwMlLgFnF}EzFyGpIgHhKqD`GqDrGqIbQmVzk@_CfFsDfHk@~@o@d@w@Ps@DkBUqHmB}@Ei@Ho@Pg@^c@d@i@x@i@xAYpAe@lDeAzLgB`RYpBk@rBq@vAm@~@W?GCIMGSGe@@oACs@Is@hAiAl@}Ad@aCPkC?cEg@yCgAgDqAqEoB_IwBmJs@gFa@yE[yGWoEMmFVeMrCyNxGmc@Fw\z@k\m@y[hAyPOcJC_ILuFd@_GdA_Kv@cHtAeFr@gAhAi@|BCrBg@lAyEz@_E?kHUwLl@}LdH}YrFiSzAuEnHsIfIcIpDaFjDuF|M_RpDeGzCkHnCwHfHkOlCiJpB{KzBqKdCsJdDeJhAiCnByDtCwBlCcBt@q@tA{Cj@oDrC}Vf@GrCcB~@SpACx@QdP{FpInB|HhNnMhVvIlEnGl@rKdEzIjFl@`Ns@pReCtWvC`|@j@vGj@nDxBjDzHvH~GtF~CpC~BdCjJjLTb@n@p@rOnKlF|A|DN|PrIjRjDrAz@sA{@kRkD}PsI}DOmF}AsOoKo@q@Uc@kJkL_CeC_DqC_HuF{HwHyBkDk@oDk@wGwCa|@dCuWr@qRm@aN{IkFsKeEoGm@wImEoMiV}HiNqIoBePzFy@PqAB_ARsCbBg@FsC|Vk@nDuAzCu@p@mCbBuCvBoBxDiAhCeDdJeCrJ{BpKqBzKmChJgHjOoCvH{CjHqDdG}M~QkDtFqD`FgIbIoHrI{AtEsFhSeH|Ym@|LTvL?jH{@~DmAxEsBf@}BBiAh@s@fAuAdFw@bHeA~Je@~FMtFB~HNbJiAxPl@x[{@j\Gv\yGlc@sCxNWdMLlFVnEZxG`@xEr@fFvBlJnB~HpApEfAfDf@xC?bEQjCe@`Cm@|AiAhAHr@Br@AnAGv@Sb@ONMXI^Cb@@b@F`@JZNPPHR?v@Pj@xBx@vDpCbPvCnUbBzJ`CvKfCrJhGnSl@tC\~C~@jW`@`FvGz`@`FdXbNlQxArDrAxEhPry@jAbFjAfDfG|KpArD`BtL~@lCzRjXpBzAfEPvA[bJsHtB}@vB]|Jj@nC^vAt@rP|UzKnF|LfVnChC`UhPfZ~P`DnDz@`Bp@`CnExW~@xK\rBf@rBj@dB`A|ApBdCvD~DpFzJ|CnGdCrD`BrB|IfIfD|FpAjDf@xAnD`MdAfCfZ|l@zA`EhPrpAn@rG@pGGfJ_H|iACjDrBnXDbDI|CkAbO[zFs@vRI`HZlHZlDf@|Cr@dC~@vBzHtLvEzHfDfFhBbBvBvAnBr@fWbElEx@zDpAzLlL~AdAjCjAd@JpKInB^lFfBpAFrA]pe@uWlAc@nAKtBRn@TnCvAz@r@h@p@`@l@`B`EThAVbBT`DLvEThN^fGb@`CdEfPtC`OnAfDjAvBx@bAfEpDxD~AfB|AhJdP~A|B|A|@rBXvMo@bBXjD~AlHnElBh@dB?rAYzD_CbAmAt@qA|C_JhBmChDgBnD_BrBa@dCXtBfAhBTnHK`FC~ASh@OjA{@j@q@`AiBtA_Dr@gAh@k@|@s@j@[hA_@tZyIzBg@zAS|AGnKPrDk@pFyBrJmH`Cu@|B@lCi@pKyE~BUjG?xEbArBN|HgEzBkClA{BfF}QfBqBzAiAzFqAl[kLtBiAjFkFlBaA|JwBnCCxAj@rB|AdSxM`AtAlDvJr@nEbAfPzA`IiE`P_@lDOzEPtFj@xH`AhGtAfDhDdFvB`EfB~Ff@fCx@xF~J`}A^vKEtG]nHaDdTi@~FI~GlCndAlAnOnNtiAn[hnAxQvfAvD`LpQt]rLbRr]vl@hA~ApA|AzKrL\Xp@T\@`@CdC]\?h@JVPZ^R`@bF|Nv@dBh@r@zJpKlA`BtAvBrSh`@xLrO~]tYfNgpAJkA~@cIxIix@fIgv@zBgNf@mBj@kC~@}C`AoChAoC~CuFps@yiAfBsCdG{IzBkDbMwR~BwD|HuLrRyZdWkb@l^kk@zE}H`DgGnCgGtBiFvBuG~AuFbBwG~AiHfA{FvAaJ~@yGh@iEv@uH^uEVuDVsETcFxAi`@dKyqC`EobAr@qTlAqZ|@uWjFswAtAg[jAiVjDc{@fE}hAV_Iz@sZ\wJ~MatD|RsgFl@kQb@oJpC{q@~@oWrE}iAjQ{sEhHagBvPknEdQwvE\oJJqEFiF?kIGwLMsd@@iF\mFNcB\eCh@sCv@_DkBoBcAuAaCcCM]Ia@@i@Hk@~CuOh@iDDmDa@{c@PcCZaBEoKUcC}@oBeJkJaDiCmCe@iCE_BRiCk@sFqCgE}AkCq@aCuAeRqPiIqGgGuIgLcKmFiCqFeDqEkBmF{@aCuAeDwAgHXmF_E}ImEiYej@aGcQiKeOqBmDwAuDwCuEwHqHgCgDm@sA_@i@iCyFeB_E}CoFc@]Y?YLmAbA_BVyCFeAJqDfAs@HcCg@yCcAsCiBuMeKcDkDkC{CcCgDm@w@_BaCcBuCgCiG_@[mIaBk@Wu@y@mAiBy@cBkCsGiC_IqA}Fw@aDu@cBiAuBkEuHy@mByDwOgIwWqAyDcAmDoAuDq@kAsA}AkA}@mAa@q@g@k@yAeCgHqFcKsE_EqGuEkB{A{@qAMkAEmAFgE?c@UeA_@i@w@}Aw@eAaA_@kBg@}BcBmCwA,"[{""lat"": 58.00154907522012, ""lng"": 33.69369506835938, ""address"": ""Линево"", ""date"": ""01.02.2026"", ""time"": ""08:00""}, {""lat"": 58.007415690858345, ""lng"": 33.694896697998054, ""address"": ""Линево"", ""date"": ""01.02.2026"", ""time"": ""11:00""}, {""lat"": 58.007415690858345, ""lng"": 33.694896697998054, ""address"": ""Линево"", ""date"": ""01.02.2026"", ""time"": ""14:00""}, {""lat"": 58.14546890615111, ""lng"": 33.52651834487916, ""address"": ""Сухое"", ""date"": ""01.02.2026"", ""time"": ""17:25""}, {""lat"": 58.00153770487646, ""lng"": 33.6937165260315, ""address"": ""Линево"", ""date"": ""15.02.2026"", ""time"": ""20:00""}]",1259066309_03.02.2026,1259066309,03.02.2026,03.02.2026 08:00:00,04.02.2026 08:00:00,PRINTING,,5226,У945ТХ72,С/тягач КамАЗ 53504-50,"№121954/1 от 29.01.2026. ТФ ""Мостоотряд-36"" филиал АО ""Мостострой-11""",121954.0,,0.0,A362665,,,,,44.46,1.46,7.95,6.49,59.4,14,22.4
121973,IN_WORK,30.01.2026 12:39:06,груз сборный,20.0,14.4,1.0,1.0,"Ялуторовский тракт 11-й км., 9 с41, Тюмень",05.02.2026,"Красная Горка, Омский район, Омская область",05.02.2026,594353,28938513,МСК+2,A362492,Строительство автомобильной дороги «Северный обход г. Омска»,een{IytxoK}AYPkEf@yEZcE]_@c@WQAISSYiFsFuCqDo@m@dY{cAx@oCxAoEbC}GrCuGtDeHhR}ZrLiQrLiRxLmQZm@tA}Cbm@s_AnByCvBwCtFoGlAmA~AsAfFuDjMcHrXyNjQaJrA_@zr@o_@nJaFh@[bA_Bt@e@xDeBdAA|HaE`PuIfG_Djp@s[`R{IlC}AhG_EbE_DrFiFzB}BtFiGbRkT|LyMnKuKnA{AjH}JxEiGzEaG`LuMxIyKzB{CtJ}NzFyJdXyf@rPg[nJgQrCcFjBwClGwIdCwCdDmDrD}C~AoAfCaBdBcAnEuBpBu@lBg@fFiA~Ei@nEIrBDfKl@`ZrAhKnA`Fv@lDP|CBlDEvF@bBIdBUlFiAbDaAnB_AfBgAlAgBlBsA|CiCnAkAnD}DhCuDtCeF|@eBrYmn@`MwWdc@{_AtCoFhHgPnDmHfKuTdBeD`B{CtBiDxAuBlA{AfAmAvAsApBeBtB}ArCaB~FcCrBi@rBa@vBUtBKdCCpBBjBJxBTxAVhAXhBhBjDpArFdC`DZnAh@rBzBjEdBhFfBzBl@nB\zBx@|Ax@zHhF|@ZzAJdAClC[tA]t@e@bAgAjByCdFeLtBoEbAaBrCuD|BoDjC{ElBaEnFsMt_Aw~BdMoZbBkDrDgG`HqIxC}CnCyBtA}@pEeCjAg@|Ai@fEcAxJeB|EcAdd@qHfLaClJ_DtC}ApBoA|B}AjCuBpBeBhBiBp`@sb@hJwJ`]o_@p`EimEzqCe{CrUiWnW{[|i@er@lYy^zsB_jC|SuWliBu}B|{@ugAvC{DdDyElxA{eCpdBqxCbIaN|BiE|B{ElFgMlNi^hMa[d}CmxH`CeHrOwi@fg@mgBlgA{yDj[mgAjIcYrHcUpQuf@xF}NxJkWdl@e}AtEeMdBaF~AkF|CwKhCiJxCsL|Quy@fJea@l@wArMak@rNao@tDyNfCkKjNan@zPkx@pTs`AfF_TrCmKhGeSvD}KlRyd@rzBeyE|S}b@~FsK|IkNhJ_NflCgsDxCcEFY`jAy~AdLkQdG_KzGiNpEaLpFsP~BgItCwLtCiNlBiMjAsIlB_QpAsQdBk[Z}HR_KLsN?_KYoRQeFYiHg@eJkAmNsAaMe@wDwLsy@cB}PcB{]e@e_@|@mj@dFubBfCst@j@eShGwoBn@oRvVo|HjGenBz@kQrAkPtCiZnBcPbAgHdB_LfFsZbLsr@bDkRn@kDtDyU`Mot@xBqNtBoO|AaNtBgUlCgc@bBil@fCscArLm~EdGshC|MclFfWysJfAic@^sL`Bsm@XkS|D{eMtG{kRhAmvCGsNi@}YSuHYwH}@oPcBiZuJ_|Aui@}{IcYouEyAqVqAeVkBo`@iA_\{@sYi@yRg@mVM_IQePWc`@G}RCmc@Fkf@JgxGHmiAb@}lJHso@?{TI}Oy@efCaAmaBaAsiC_CiyF`@aa@XqJr@{PbA{T~Bm`@dAgObD}i@rJw}ApHsoAnGaeA`HqjA~TmsD|@uMbCuc@j@}Lf@iQR{JHiJFqI@mG{@_hDiAglF{@ojCIqIe@sTm@{R{@eQaAkPqAiQmJ}_AuJc|@yRqjBmFui@cCm_@u@{Mc@oKw@}WkA_h@_CunA}@_o@Mcb@?q`@jAw}CHmo@AmTC_LaC{~CUa]U}i@?eg@t@wtCJs`Av@k_A~ByhAbS{nK~A{V`Eub@nFyYlEmPbHcSjJaRrSq]fVmc@bKwTzJoXfLea@tFiUhDwPhCkOrDwVbBgNlCwWbAaMvAsTx@gPdA{Yj@uYFwYFshANa[rFaiIr@ih@nAki@xI{bCxIw~BbR_jE|Cad@|AcSjF{e@x]_rC|LkcAnKyu@bDcT`QkfAxo@m~D~Icp@hTicBtYa~Bh@iD^aAjAcBLm@Da@Au@KsBAs@F_BLaB`D_WpJcw@lC{VpBiXd@qI^oJt@yWReML}KCo\IaKQ{Js@}Tm@eNiAwXi@wUMePBsY\gXdAy]xUu|GlE{mAl@aOj@oK|@mLfAmMjAkLnAuJvC{RrEmW|@qEdBeI`D_MjEaOjEcM`FsMpC{GzB{EzO_[pAwC`CaGtD{KvCgJlFaSlEeSdEoTvCySzB{VlBeY~MemDfJc~BhOwzDzJueClGgbBn@}Nr@qNp@wKjBoWlAmMnBcRtByQrHef@lA}F`E{QlHeZdEsOle@urAtPud@r`@cgA`HeRji@izAva@giA|FsPlDqK~Ncf@~HsYbcA}}D|Uu{@|Ze`Alq@isBjFiPj\obAjWsw@l\s_AtDuKzD_KfAgClDkHv@uAbEmGdYa`@lfAcxAxXw_@jAyA|CeDbC_ChB}AtByAvPkJ~QwLji@m\lAgAdFgFbBuBjAcBvA{BvB}DzAkDxBiGrCuI|@{CrA}FtAqHbBwLnA_KbLc`AdByLdB{KhBgKjC{LjDgNnOcj@|AoFtBaI`D_N~@aFjGi^xs@khEzh@}}CbC_PfAyIv@qHp@oH\{El@mJb@qHjJ}fBfEkw@rPoaDhAqUzBm`@xBma@fBm^jB_\|@{Kr@wHr@wGj@sEx@{FdAuGjEaWjJyh@~Nmy@pP{_AvS_kAhFgZvFk[tDgSdE}RvCeMvFuSlaAo`D`Xo{@hCwJjCuKz@cE`ByIbC_Oz@eGtAmLpa@woEfB}QhAaKbAaIlCkRpC_Qr[ufBvBgLlEkVx@aEdLko@bDaSp@sEdBiM`BqNzE}e@lFan@vDqa@~AcNvAaK~@sFlBwJ~D{QxRc{@hLgh@rGmXjf@uuBbDyOv@gEt@{EZkC~@{JbAuMRyFLiFDsI?_DEaDIgFO}Dc@sIaIgiAsLkeB}B_`@SyEqAk^gDgaAoEolAcF{vA]iIcAyQ[yEe@mF_AsI{ByQwAcKuDeVq@iEWsBQ_B_@cFSmDIuCAsCAkQJqoAFwIp@a^HyEDmF~@yeB@{QKwIk@iSQkEs@cNqB}ZaAoQ}A_UyI}uAe@cHUiCe@gEcO}~@_@qCWaCYmDcAeOe@uHeAqNwGwn@eEca@UmCwAaMg@kGGyBGaEEoIQsjAQio@FeIl@gTBuGAmB_@kY}A_gAImDKiC_@cFcM_qAcQazAgJcy@_E}[yAkMkGwl@gAsMmAwQgKatA_\kmEyBa[m@qHye@}|E_AeKq@qImBcWmCea@mE}p@ImB@oFn@qXFuDBiJWsg@a@ea@@gDl@k]`@ab@?aCKuF_GkgAi@kIaB}Tm@oG{D_]kA}I_Fe]{AwLaKa{@q@gEiQaw@eBeIiAeG[sB]kDMiBMgDIsE]cm@?gGDeERkH|@iWxBun@nDsiAb@uKF_C?sBIgD[aKgEqdAIgCEiCBiC\gRBwCAoCEeD_@_Pc@}LeAmSmDwo@I{BAwJBaBNiBTiB`@cBbD}Kv@yClBsItB}JbCgMlEcTr@sD^_Cz@_JnAiOdAeOx@}MTqEZwIBoC@yCAuCKyLM_FUyHSqDc@kFe@cFmAeKq@mEkAmGyBuIyDsOq@{CgAkEmAwF_A}Ew@aFcAuIm@sFaBeQ_Fgf@gBqOeBaMUqBcCmOkAcG{CoL{A_FeDcJiF{L{EkKiFyL}BwF}@oCsCeKgA{EiAkFeBsJo@aEe@qD}BqTgAyImJup@{@kFwCsNuDeN_BeFoC{HoB}EiB}DoT{`@cEoIuAkDaBoE_CuH}AwFgAqEqBgJu@cEk@oDqA{Jc@gE}Cw[{AgQcBcQaHgq@yCiWm@kGaBqTyLsdCkAyQeC}\eJenA{IerAwJutAg@}GaAkKqa@c{CcBeLeJud@{SocAoR}w@yl@ocC_Va{@u@uCgA}Ec@cCgAsHq@qFe@kGIyAKwCGgFEcf@@uFHmFFkBj@oMb@_IvAwSjE}i@~Cob@ZyEt@aNTcGVcJ~@wf@b@eQ`@qKf@kJVwDf@yG`AaLX}DR}Db@yO`GwtCPgEb@cGt@eGXcB`BcIjCuKdT_{@x`@w`BbP}p@zUaaApGmUnDuL|BoGpAoC`AkBxAkC~CeFrDuF`FkH`FwGpCmD~BoDb@w@\aA~@sCfAeE`CuL^aCV{Bl@eIJeCDyDCeHi@cq@eBklBc@mf@UuTKa[IckA_@smDEmGEkBi@_M[{E_AkKa@}Ds@wEs@uDaAoEqCmKaBkFiCwGaA}ByAsCaAaBsC{DqEqGsAuBsAmC{AwDw@yB{AaGcAqEaC{LcBsJSmBSiCOmCUsHAwBHkNF{CJkCdGogAb@mMf@}[DuEA{JE{GKcGQqG{VacHeC}n@qGqfBaAc_@_@cQS{KKoJ_AeeCYmo@QkRO_Hk@mTq@}Oa@_I}Coe@yBo[qAoPo@qNSsFc@}REkD?qMF}GJwIhBcz@rCk`Bh@mRlCubBZaLpFstCtAc{@`@oOVaHjBq_@p@yJdAcNf@cG`AoJjSamBhB}MvAiJ~CoRdA{F`@}AhCaIrIsVlC_HdDsHtFwLtZii@dDoG`DkH`GeOnC{HpB{GxAwFzBkJzA{Gv@gE|@qFxBkOdCaT`@mE~GchAdBq[v@mQl@wPnA_c@~F_kBpB{l@NqDn@yMf@}IrQghC|Kg_BzDch@|A_PtCgWpCqSfAqHfA{G|CcQ|AiItB}Jhx@y_DtAuEfBsF`C_HhCqGnCqGxCgGbCuEhGeKhCyDdMqOlAsAnCkCtBaB~FaEjWgQxtBevA`I}F~OkMlD{CnDiDbDgDfFcGxD}E`EoFlCcEfHoL~NcWzIyObdA}lBx\ym@zp@anAxZmj@~E}HhKsMtKoKrJ{G~JyFlMmEjNiDjYkA|WkB`OwDjIcEzJ}FjIoH`K{LdIgMnEoI~CgHdBkEvEwMjK}Zx_@mhA~Ko\xKo`@bDqIdBgD|AkCzBsCzB{BfKgJpWsTfRkOn[uWd~@yt@pf@m`@rFyEfCaCbFiFjCyCfFiGxEkGnEkG|EmHnCoEvCcFh^kq@pKyRlEkIzA}CrBsEnB{ErF_Orr@ylB|Ne]xMmXx\cq@~Xak@z[yn@jb@m{@|Vqf@|\yr@|DcJxCgIrD{LhCcJdEwPzBuKlAkHlAoIdBoN~BsXtAwTPqGZyR@uXW}VBmBHiAJONa@Dk@Co@Qk@a@oBQsBE_DaAo^s@m[S{M?yBLiHLsCNoC^qEj@oFbJ_m@x]m`Ch`@}hCxDiZtGsi@vCoYbBwP~AwR|Bi\nAsUpAcWxAa_@zC{dAd@gSn@iSr@cSdA}ShCe^r@aIvJe`AjBcQbBmOfVw_CfCqWrEeg@`BeTpBiYfFsv@xCaj@lAmVjA{W`B{a@f@gOfA_^hAuc@fHa~CjQyrHjEqsA|Cgu@rDcx@rBaZ`I_dAzAsQjCiZrFal@nEad@|CwYdYsdCjO}pA|h@gpErB_SpBkVbAiO`AePxToaE~ZguF~JuiBp@uKvDah@dAaM~AmP`BuOdOcuAlEs^`CmSvCiZtAkPxAsRnAwPfAwPdC_c@RgE~@kV^cL|@a]h@kYhFsrDRuKTgJ\}Jv@}PlAeTpAqTrA_RpGow@jAiOxFyq@|@a@jCcAt@S\A|Rt@lPZzPj@`FJtB?~@Q\Ub@i@t@mAbIqLpFyI`CaDj@e@LEl@AxS`BhNzAnPlARoQBeDJuGHuBr@_Zn@qY@oAjJ?tCSxC]jH_BzAa@tDsAvDgB~I}ExCqBzE}DpCeChCwCtUaYzJuKhGgGxGgGpD_DztBoaBf[yVhIuFbNuH~OkGnHyBfH{AhLqAzO[pQ|@pQzB`M`DjaAf\po@tTbHlBhEl@rEd@xJ?lHk@zFeAhF_B~aA_b@|H}C`EgB~t@uZdZoJxa@iMnMiFzFiDjE{ClByArBgBzEuE`DiDnCkDvM}QbUe]pq@gcA|r@kdAnLiPb{@wnAtfAi|AdFqHrDgGtCiFtDqH~CgHbB_ElDeJdA{CnCwI`AeDjBeHdByHv@wDr@eEjCqRrB{P|@eJp@_Jj@qIdVydEj@uLNwDv@mV`@gQhJocF^eNl@yN~@cPhJswA~AuRhA_LZ}BrBaMhDmR~BsJnAoEfAoDpBuFpAgDdBwDrSaa@r{AayClFaL~AsDzBaGvCeJzByGbB}FpEwRpAmGv@gEr@mE|OehAtDmXng@goDz`AaxGbDmRfCeMjEyP`F}Ony@aaCvMg_@|EoNpKo\xCyIjYqt@`C{G`CiHjFoQzk@euBxCeKpCeKzJ}]dNug@bN{e@`G_TfIoZno@_~BhBwFxEgMjDwIjEeJ|EkIfF}HvHqK~i@mr@vv@ccAzD_FtMuO|A}BfSs\vSa_@ta@qj@j[ee@`BqBnA}@`Bm@hDo@~cAcNn}@}Lnw@{Kpw@kKt|@cQja@_MzKcE|PkH|PuHnb@sQheA{`@pGgBlHeAhl@mF`cAsKde@sE~ViBxiEgLl~@oCfeAsCxCWpASfCo@xrCgcAlF_BhEq@xAGtDAtJx@b_BhXlGb@fKNfCGvGa@fCWlFaApDw@bFuAnO_Gx`@_PlU_KtQuHvd@cSrf@aS`HiC|Z}LvJuDvJmCpmAsX|I{BdHeCjB{@~EmCzEuDrEcEdDmD|CwDrCkEpCwE~BgE|B{E|AoDpAcDtAsDpAcEnAaEdA}DnFuSzEqRpIq[pMcg@Zm@RUl@[XGJGLMVi@Ju@@[E{@Ic@BqAPwAnH{Y~Kmb@zEcRrEuQtDuOpA_HfImg@r@gD`AwDl@wB~@kCpAaDpAkClGmKni@s|@vQoZzDcFnAoAdBsAfCuA~o@wYtLyFrEiClC}BfVeY~IuKxMcNfGoFna@yY|CcC`BaB|B{CjB{CvAqCh^k{@byAoaDnd@yaAvAiCjAaBzA{AnCwBdhE{vBrBcAj|@ea@nC{@nA[nC_@hCGbDLdBVjGdBnEbAdCVtC@tCSrDeAnB}@rDaCrGoFjAgApAyAfA{AxDeH~EeKxAkC~@iAPk@DWCUEKMEg@BwX|JcANO?]ESOg@w@oFmX{BiKqBaKwGa`@_A}GQeBGqAWgJeAgs@_@m^EsAI_ASeAa@wAUmAWuCA_DD}CA_BCqA_AeMEiA?_AJkCP_CPcBjEo\j@cFTiC?o@Kc@OSQGo@EmQJ{e@FgRH_PAKq]@cTJgT?}KQyGEg@O]UUUIwAWMM_@}AoBkFkGiOuCyFiBcEeBeFf@CbASzCmBb@OfG}@jHqAf@@p@kA`GwEu@q@,"[{""lat"": 57.09414, ""lng"": 65.66722425212905, ""address"": ""Ялуторовский тракт 11-й км., 9 с41, Тюмень"", ""date"": ""05.02.2026"", ""time"": ""08:00""}, {""lat"": 55.11383485, ""lng"": 73.12837812620077, ""address"": ""Красная Горка, Омский район, Омская область"", ""date"": ""05.02.2026"", ""time"": ""20:00""}]",1259067522_03.02.2026,1259067522,03.02.2026,03.02.2026 08:00:00,06.02.2026 20:00:00,PRINTING,,106,О445НХ72,С/тягач Volvo FM Truck 6х4 12.8,"№121973/1 от 30.01.2026. ТФ ""Мостоотряд-36"" филиал АО ""Мостострой-11""",121973.0,,0.0,A362492,,,,,891.81,14.86,24.93,10.07,412.7,35,35.24
121973,IN_WORK,30.01.2026 12:39:06,груз сборный,20.0,14.4,1.0,1.0,"Ялуторовский тракт 11-й км., 9 с41, Тюмень",05.02.2026,"Красная Горка, Омский район, Омская область",05.02.2026,594353,28938513,МСК+2,A362492,Строительство автомобильной дороги «Северный обход г. Омска»,een{IytxoK}AYPkEf@yEZcE]_@c@WQAISSYiFsFuCqDo@m@dY{cAx@oCxAoEbC}GrCuGtDeHhR}ZrLiQrLiRxLmQZm@tA}Cbm@s_AnByCvBwCtFoGlAmA~AsAfFuDjMcHrXyNjQaJrA_@zr@o_@nJaFh@[bA_Bt@e@xDeBdAA|HaE`PuIfG_Djp@s[`R{IlC}AhG_EbE_DrFiFzB}BtFiGbRkT|LyMnKuKnA{AjH}JxEiGzEaG`LuMxIyKzB{CtJ}NzFyJdXyf@rPg[nJgQrCcFjBwClGwIdCwCdDmDrD}C~AoAfCaBdBcAnEuBpBu@lBg@fFiA~Ei@nEIrBDfKl@`ZrAhKnA`Fv@lDP|CBlDEvF@bBIdBUlFiAbDaAnB_AfBgAlAgBlBsA|CiCnAkAnD}DhCuDtCeF|@eBrYmn@`MwWdc@{_AtCoFhHgPnDmHfKuTdBeD`B{CtBiDxAuBlA{AfAmAvAsApBeBtB}ArCaB~FcCrBi@rBa@vBUtBKdCCpBBjBJxBTxAVhAXhBhBjDpArFdC`DZnAh@rBzBjEdBhFfBzBl@nB\zBx@|Ax@zHhF|@ZzAJdAClC[tA]t@e@bAgAjByCdFeLtBoEbAaBrCuD|BoDjC{ElBaEnFsMt_Aw~BdMoZbBkDrDgG`HqIxC}CnCyBtA}@pEeCjAg@|Ai@fEcAxJeB|EcAdd@qHfLaClJ_DtC}ApBoA|B}AjCuBpBeBhBiBp`@sb@hJwJ`]o_@p`EimEzqCe{CrUiWnW{[|i@er@lYy^zsB_jC|SuWliBu}B|{@ugAvC{DdDyElxA{eCpdBqxCbIaN|BiE|B{ElFgMlNi^hMa[d}CmxH`CeHrOwi@fg@mgBlgA{yDj[mgAjIcYrHcUpQuf@xF}NxJkWdl@e}AtEeMdBaF~AkF|CwKhCiJxCsL|Quy@fJea@l@wArMak@rNao@tDyNfCkKjNan@zPkx@pTs`AfF_TrCmKhGeSvD}KlRyd@rzBeyE|S}b@~FsK|IkNhJ_NflCgsDxCcEFY`jAy~AdLkQdG_KzGiNpEaLpFsP~BgItCwLtCiNlBiMjAsIlB_QpAsQdBk[Z}HR_KLsN?_KYoRQeFYiHg@eJkAmNsAaMe@wDwLsy@cB}PcB{]e@e_@|@mj@dFubBfCst@j@eShGwoBn@oRvVo|HjGenBz@kQrAkPtCiZnBcPbAgHdB_LfFsZbLsr@bDkRn@kDtDyU`Mot@xBqNtBoO|AaNtBgUlCgc@bBil@fCscArLm~EdGshC|MclFfWysJfAic@^sL`Bsm@XkS|D{eMtG{kRhAmvCGsNi@}YSuHYwH}@oPcBiZuJ_|Aui@}{IcYouEyAqVqAeVkBo`@iA_\{@sYi@yRg@mVM_IQePWc`@G}RCmc@Fkf@JgxGHmiAb@}lJHso@?{TI}Oy@efCaAmaBaAsiC_CiyF`@aa@XqJr@{PbA{T~Bm`@dAgObD}i@rJw}ApHsoAnGaeA`HqjA~TmsD|@uMbCuc@j@}Lf@iQR{JHiJFqI@mG{@_hDiAglF{@ojCIqIe@sTm@{R{@eQaAkPqAiQmJ}_AuJc|@yRqjBmFui@cCm_@u@{Mc@oKw@}WkA_h@_CunA}@_o@Mcb@?q`@jAw}CHmo@AmTC_LaC{~CUa]U}i@?eg@t@wtCJs`Av@k_A~ByhAbS{nK~A{V`Eub@nFyYlEmPbHcSjJaRrSq]fVmc@bKwTzJoXfLea@tFiUhDwPhCkOrDwVbBgNlCwWbAaMvAsTx@gPdA{Yj@uYFwYFshANa[rFaiIr@ih@nAki@xI{bCxIw~BbR_jE|Cad@|AcSjF{e@x]_rC|LkcAnKyu@bDcT`QkfAxo@m~D~Icp@hTicBtYa~Bh@iD^aAjAcBLm@Da@Au@KsBAs@F_BLaB`D_WpJcw@lC{VpBiXd@qI^oJt@yWReML}KCo\IaKQ{Js@}Tm@eNiAwXi@wUMePBsY\gXdAy]xUu|GlE{mAl@aOj@oK|@mLfAmMjAkLnAuJvC{RrEmW|@qEdBeI`D_MjEaOjEcM`FsMpC{GzB{EzO_[pAwC`CaGtD{KvCgJlFaSlEeSdEoTvCySzB{VlBeY~MemDfJc~BhOwzDzJueClGgbBn@}Nr@qNp@wKjBoWlAmMnBcRtByQrHef@lA}F`E{QlHeZdEsOle@urAtPud@r`@cgA`HeRji@izAva@giA|FsPlDqK~Ncf@~HsYbcA}}D|Uu{@|Ze`Alq@isBjFiPj\obAjWsw@l\s_AtDuKzD_KfAgClDkHv@uAbEmGdYa`@lfAcxAxXw_@jAyA|CeDbC_ChB}AtByAvPkJ~QwLji@m\lAgAdFgFbBuBjAcBvA{BvB}DzAkDxBiGrCuI|@{CrA}FtAqHbBwLnA_KbLc`AdByLdB{KhBgKjC{LjDgNnOcj@|AoFtBaI`D_N~@aFjGi^xs@khEzh@}}CbC_PfAyIv@qHp@oH\{El@mJb@qHjJ}fBfEkw@rPoaDhAqUzBm`@xBma@fBm^jB_\|@{Kr@wHr@wGj@sEx@{FdAuGjEaWjJyh@~Nmy@pP{_AvS_kAhFgZvFk[tDgSdE}RvCeMvFuSlaAo`D`Xo{@hCwJjCuKz@cE`ByIbC_Oz@eGtAmLpa@woEfB}QhAaKbAaIlCkRpC_Qr[ufBvBgLlEkVx@aEdLko@bDaSp@sEdBiM`BqNzE}e@lFan@vDqa@~AcNvAaK~@sFlBwJ~D{QxRc{@hLgh@rGmXjf@uuBbDyOv@gEt@{EZkC~@{JbAuMRyFLiFDsI?_DEaDIgFO}Dc@sIaIgiAsLkeB}B_`@SyEqAk^gDgaAoEolAcF{vA]iIcAyQ[yEe@mF_AsI{ByQwAcKuDeVq@iEWsBQ_B_@cFSmDIuCAsCAkQJqoAFwIp@a^HyEDmF~@yeB@{QKwIk@iSQkEs@cNqB}ZaAoQ}A_UyI}uAe@cHUiCe@gEcO}~@_@qCWaCYmDcAeOe@uHeAqNwGwn@eEca@UmCwAaMg@kGGyBGaEEoIQsjAQio@FeIl@gTBuGAmB_@kY}A_gAImDKiC_@cFcM_qAcQazAgJcy@_E}[yAkMkGwl@gAsMmAwQgKatA_\kmEyBa[m@qHye@}|E_AeKq@qImBcWmCea@mE}p@ImB@oFn@qXFuDBiJWsg@a@ea@@gDl@k]`@ab@?aCKuF_GkgAi@kIaB}Tm@oG{D_]kA}I_Fe]{AwLaKa{@q@gEiQaw@eBeIiAeG[sB]kDMiBMgDIsE]cm@?gGDeERkH|@iWxBun@nDsiAb@uKF_C?sBIgD[aKgEqdAIgCEiCBiC\gRBwCAoCEeD_@_Pc@}LeAmSmDwo@I{BAwJBaBNiBTiB`@cBbD}Kv@yClBsItB}JbCgMlEcTr@sD^_Cz@_JnAiOdAeOx@}MTqEZwIBoC@yCAuCKyLM_FUyHSqDc@kFe@cFmAeKq@mEkAmGyBuIyDsOq@{CgAkEmAwF_A}Ew@aFcAuIm@sFaBeQ_Fgf@gBqOeBaMUqBcCmOkAcG{CoL{A_FeDcJiF{L{EkKiFyL}BwF}@oCsCeKgA{EiAkFeBsJo@aEe@qD}BqTgAyImJup@{@kFwCsNuDeN_BeFoC{HoB}EiB}DoT{`@cEoIuAkDaBoE_CuH}AwFgAqEqBgJu@cEk@oDqA{Jc@gE}Cw[{AgQcBcQaHgq@yCiWm@kGaBqTyLsdCkAyQeC}\eJenA{IerAwJutAg@}GaAkKqa@c{CcBeLeJud@{SocAoR}w@yl@ocC_Va{@u@uCgA}Ec@cCgAsHq@qFe@kGIyAKwCGgFEcf@@uFHmFFkBj@oMb@_IvAwSjE}i@~Cob@ZyEt@aNTcGVcJ~@wf@b@eQ`@qKf@kJVwDf@yG`AaLX}DR}Db@yO`GwtCPgEb@cGt@eGXcB`BcIjCuKdT_{@x`@w`BbP}p@zUaaApGmUnDuL|BoGpAoC`AkBxAkC~CeFrDuF`FkH`FwGpCmD~BoDb@w@\aA~@sCfAeE`CuL^aCV{Bl@eIJeCDyDCeHi@cq@eBklBc@mf@UuTKa[IckA_@smDEmGEkBi@_M[{E_AkKa@}Ds@wEs@uDaAoEqCmKaBkFiCwGaA}ByAsCaAaBsC{DqEqGsAuBsAmC{AwDw@yB{AaGcAqEaC{LcBsJSmBSiCOmCUsHAwBHkNF{CJkCdGogAb@mMf@}[DuEA{JE{GKcGQqG{VacHeC}n@qGqfBaAc_@_@cQS{KKoJ_AeeCYmo@QkRO_Hk@mTq@}Oa@_I}Coe@yBo[qAoPo@qNSsFc@}REkD?qMF}GJwIhBcz@rCk`Bh@mRlCubBZaLpFstCtAc{@`@oOVaHjBq_@p@yJdAcNf@cG`AoJjSamBhB}MvAiJ~CoRdA{F`@}AhCaIrIsVlC_HdDsHtFwLtZii@dDoG`DkH`GeOnC{HpB{GxAwFzBkJzA{Gv@gE|@qFxBkOdCaT`@mE~GchAdBq[v@mQl@wPnA_c@~F_kBpB{l@NqDn@yMf@}IrQghC|Kg_BzDch@|A_PtCgWpCqSfAqHfA{G|CcQ|AiItB}Jhx@y_DtAuEfBsF`C_HhCqGnCqGxCgGbCuEhGeKhCyDdMqOlAsAnCkCtBaB~FaEjWgQxtBevA`I}F~OkMlD{CnDiDbDgDfFcGxD}E`EoFlCcEfHoL~NcWzIyObdA}lBx\ym@zp@anAxZmj@~E}HhKsMtKoKrJ{G~JyFlMmEjNiDjYkA|WkB`OwDjIcEzJ}FjIoH`K{LdIgMnEoI~CgHdBkEvEwMjK}Zx_@mhA~Ko\xKo`@bDqIdBgD|AkCzBsCzB{BfKgJpWsTfRkOn[uWd~@yt@pf@m`@rFyEfCaCbFiFjCyCfFiGxEkGnEkG|EmHnCoEvCcFh^kq@pKyRlEkIzA}CrBsEnB{ErF_Orr@ylB|Ne]xMmXx\cq@~Xak@z[yn@jb@m{@|Vqf@|\yr@|DcJxCgIrD{LhCcJdEwPzBuKlAkHlAoIdBoN~BsXtAwTPqGZyR@uXW}VBmBHiAJONa@Dk@Co@Qk@a@oBQsBE_DaAo^s@m[S{M?yBLiHLsCNoC^qEj@oFbJ_m@x]m`Ch`@}hCxDiZtGsi@vCoYbBwP~AwR|Bi\nAsUpAcWxAa_@zC{dAd@gSn@iSr@cSdA}ShCe^r@aIvJe`AjBcQbBmOfVw_CfCqWrEeg@`BeTpBiYfFsv@xCaj@lAmVjA{W`B{a@f@gOfA_^hAuc@fHa~CjQyrHjEqsA|Cgu@rDcx@rBaZ`I_dAzAsQjCiZrFal@nEad@|CwYdYsdCjO}pA|h@gpErB_SpBkVbAiO`AePxToaE~ZguF~JuiBp@uKvDah@dAaM~AmP`BuOdOcuAlEs^`CmSvCiZtAkPxAsRnAwPfAwPdC_c@RgE~@kV^cL|@a]h@kYhFsrDRuKTgJ\}Jv@}PlAeTpAqTrA_RpGow@jAiOxFyq@|@a@jCcAt@S\A|Rt@lPZzPj@`FJtB?~@Q\Ub@i@t@mAbIqLpFyI`CaDj@e@LEl@AxS`BhNzAnPlARoQBeDJuGHuBr@_Zn@qY@oAjJ?tCSxC]jH_BzAa@tDsAvDgB~I}ExCqBzE}DpCeChCwCtUaYzJuKhGgGxGgGpD_DztBoaBf[yVhIuFbNuH~OkGnHyBfH{AhLqAzO[pQ|@pQzB`M`DjaAf\po@tTbHlBhEl@rEd@xJ?lHk@zFeAhF_B~aA_b@|H}C`EgB~t@uZdZoJxa@iMnMiFzFiDjE{ClByArBgBzEuE`DiDnCkDvM}QbUe]pq@gcA|r@kdAnLiPb{@wnAtfAi|AdFqHrDgGtCiFtDqH~CgHbB_ElDeJdA{CnCwI`AeDjBeHdByHv@wDr@eEjCqRrB{P|@eJp@_Jj@qIdVydEj@uLNwDv@mV`@gQhJocF^eNl@yN~@cPhJswA~AuRhA_LZ}BrBaMhDmR~BsJnAoEfAoDpBuFpAgDdBwDrSaa@r{AayClFaL~AsDzBaGvCeJzByGbB}FpEwRpAmGv@gEr@mE|OehAtDmXng@goDz`AaxGbDmRfCeMjEyP`F}Ony@aaCvMg_@|EoNpKo\xCyIjYqt@`C{G`CiHjFoQzk@euBxCeKpCeKzJ}]dNug@bN{e@`G_TfIoZno@_~BhBwFxEgMjDwIjEeJ|EkIfF}HvHqK~i@mr@vv@ccAzD_FtMuO|A}BfSs\vSa_@ta@qj@j[ee@`BqBnA}@`Bm@hDo@~cAcNn}@}Lnw@{Kpw@kKt|@cQja@_MzKcE|PkH|PuHnb@sQheA{`@pGgBlHeAhl@mF`cAsKde@sE~ViBxiEgLl~@oCfeAsCxCWpASfCo@xrCgcAlF_BhEq@xAGtDAtJx@b_BhXlGb@fKNfCGvGa@fCWlFaApDw@bFuAnO_Gx`@_PlU_KtQuHvd@cSrf@aS`HiC|Z}LvJuDvJmCpmAsX|I{BdHeCjB{@~EmCzEuDrEcEdDmD|CwDrCkEpCwE~BgE|B{E|AoDpAcDtAsDpAcEnAaEdA}DnFuSzEqRpIq[pMcg@Zm@RUl@[XGJGLMVi@Ju@@[E{@Ic@BqAPwAnH{Y~Kmb@zEcRrEuQtDuOpA_HfImg@r@gD`AwDl@wB~@kCpAaDpAkClGmKni@s|@vQoZzDcFnAoAdBsAfCuA~o@wYtLyFrEiClC}BfVeY~IuKxMcNfGoFna@yY|CcC`BaB|B{CjB{CvAqCh^k{@byAoaDnd@yaAvAiCjAaBzA{AnCwBdhE{vBrBcAj|@ea@nC{@nA[nC_@hCGbDLdBVjGdBnEbAdCVtC@tCSrDeAnB}@rDaCrGoFjAgApAyAfA{AxDeH~EeKxAkC~@iAPk@DWCUEKMEg@BwX|JcANO?]ESOg@w@oFmX{BiKqBaKwGa`@_A}GQeBGqAWgJeAgs@_@m^EsAI_ASeAa@wAUmAWuCA_DD}CA_BCqA_AeMEiA?_AJkCP_CPcBjEo\j@cFTiC?o@Kc@OSQGo@EmQJ{e@FgRH_PAKq]@cTJgT?}KQyGEg@O]UUUIwAWMM_@}AoBkFkGiOuCyFiBcEeBeFf@CbASzCmBb@OfG}@jHqAf@@p@kA`GwEu@q@,"[{""lat"": 57.09414, ""lng"": 65.66722425212905, ""address"": ""Ялуторовский тракт 11-й км., 9 с41, Тюмень"", ""date"": ""05.02.2026"", ""time"": ""08:00""}, {""lat"": 55.11383485, ""lng"": 73.12837812620077, ""address"": ""Красная Горка, Омский район, Омская область"", ""date"": ""05.02.2026"", ""time"": ""20:00""}]",1259067521_03.02.2026,1259067521,03.02.2026,03.02.2026 08:00:00,06.02.2026 20:00:00,PRINTING,,2146,С716РН72,С/тягач Volvo FM Truck 6х4 12.8,"№121973/1 от 30.01.2026. ТФ ""Мостоотряд-36"" филиал АО ""Мостострой-11""",121973.0,,0.0,A362492,,,,,1345.94,20.14,26.37,6.22,0.0,29,31.85
122058,IN_WORK,30.01.2026 10:57:43,груз сборный,20.0,75.0,1.0,10.0,"80К-026 Стерлитамак — Белорецк — Магнитогорск, Стерлитамак",01.02.2026,"проспект Братьев Коростелёвых, 181, Оренбург",28.02.2026,245121,12293894,МСК,A362626,Реконструкция мостового перехода через реку Сакмара (верхового) на проспекте Братьев Коростылевых в городе Оренбурге (АВТОБАН ДСК АО),abmfIyaxtI`FoCn@gB~@yAWzHqBte@OpBc@jCu@|Bu@tAeAjAaB`A{Bh@q@XsA|@mGhLb@z@Rp@TnAHj@BlA?hBBjAhEfTZhBJ~AB~@\jF`AbJJ\|@zAZZxIlGtJxAjJ`AlLp@dM\|FJ~H~@~Cf@|ANhOjC`HjH|BfCpGcVxCoMfCaKjLxLvB~BRLdQzQle@df@`HnHlIpIhI~E\?RSPe@RqAL]^_@bFgBb@K\AjFV~ENnCb@z_A|FlJb@lA?zB}@pAu@pKeHdEiCtGqEfBgBxBkDpL{S|EuJjJmSzBoB|@]t@St@Gr@BfXrJdNlFve@dZ~G~E|QrOfApAj@|@vAzCpSra@lEbIlZfh@j@v@t@v@^^fAl@lQ`Gpa@dMdD|@v_@jLtD`AlIlC~d@hNvx@~UzJnCjBp@fGjBdQ`Ftr@`T~^hLrBd@~D^ve@|CdFb@|c@|CbBNrARnAXb@PnA`AjXhVz@p@fAp@hAf@bB\trAfMpHUjBUxPo@jG_@pBSfASr@[vEgCdDyAfKuF|PuJ`EsBtI_FfLeGlLwG`NqHzg@kXh@Sr@AxALlDb@|dAzO~En@hBPz[n@fh@t@~IFjN\zNh@z_AxApGRx\bBp@Pn@d@DLTV^HXBVGhBgAPC`o@`DnClA|BfCfEfInClG~E|JjAxB|@xBfAjBn@h@v@Vv@B|MGzHMxA?`BDfKz@lMd@pEHzZBhA^~@`Az@dAp@jAl@r@z@r@n@XfABb@Gj@Ur@w@jA_Cp@eBTc@LOx@[lB?nMOpKGx@@fB^`JjEdBt@t@PjALpVl@|AXrB`ArDrAhHZjCMbKaCnt@nApDLhDq@xAiBhH{KnNaXhQk[~EmHdBcAjB_@de@El@lB|Au@fCw@`FO~e@GbPz@th@rDveD|U~HnAne@dJnhBf\nLrBnAH`CHf^oKpQ_G~TgHvAMjLlBjHlBtH|BxTlGje@rN|TtGh]~Ixp@nPja@xJrDTvE?vGHx@Xn@dA|@|Bh@r@pA^fmBbI`ZbAnoD_HhDOzB_@fCs@pDcBfjBaoA|F}BdG{AnEs@pg@Urt@tFzV]hpA_DvEBjEV~i@bFh[|CrBFlACzAY~x@w^vUkFnDi@n^wD`EWdNfAhHr@xGvBdAf@xAz@xBhBt@~@|@tA|F|KrH`O~CdIjBpFhAxEbBpKrEr]hA|FrAjFbBvExBhFfCpEjDhExCbCfC`BhD~AbD~@xO~C|T~D`QxBdUtA`eBrInSI|z@yAjTQ|CZvFbBhB|@lBp@lMnFd}C`oAvBnApFjEhs@xo@lPpOfGnF`ChBnBlArBdAjBr@jEbAtBP`CCtBe@tBu@|DoBrA_AhAcAlAqAhAeB`CgEfk@qeAps@msAlFsJxByCpC_DvC}BvDeBjKgDnEkBvFmCpHyEjDeCnCaC`FyFvBqCdBoCdUcb@lB}BtAqA`BkA~Y}ObW{MlFiBjV}Hvk@{RvZ_KbCe@nCIjBPdJfBpcAtSxCr@fIlCjIbDtInDxJxDhAdAdBxB|JjNx@z@rAbAj_Aze@zAz@nDjCrBnBhrD`cEhXvb@hLpQnO`UlAzA|CpAjARtCVjPl@hNX~F_BjAa@fAu@dA_AhAwAbAqBr@mBn@mCt@qF|@kO`BaMdCcItGaLtFcL`CuDnDkDhDoBtEoAxGcAxGUpIrAxJtBfIzC|NpIzJhGjJnHdJfItEbFrDfGnEvIfCvFlFrHpI|DhPjHjCpA~GtCjBb@~~@`Jng@dFrl@lF`h@dFzTfCjABpAQpJkBfCa@`JkB~J_CnKmChLcDdTwFjn@}PnAQh@Cr@BlAVbAj@v@z@l@dAVn@t@`C|Krd@|@xCh@xArGjPnXrs@`AnB~KdQxEzHnAfBvAvA|BjBn@^p@\fBp@nAZxATvBRhABp[HpGAfBQrAe@pAu@`As@nCyCvL}OvA{Az@o@|@k@bA_@tBc@np@cKlDo@|CShB?jN`@fCEpBMlQwDh]{H~Da@dEMvLl@`KDrHk@pEs@v^}Gt_@oDrWkB`h@wCxFi@tFy@hTwEdQgDlRmBpCWr@AxB`@hrAjb@t_@`KjwBbd@tv@~Jdw@hInSrAvrBzOj\nCx`Aj@hMRlX|@`FElEk@lf@yHtBKp@DlAR~Af@xDhCbCrAdA^pBTvAC|@OfBg@pRsHvCcAfBi@dAUdAMbA@~@L`AV`A`@dAh@p@f@zAdBh@x@d@~@xKzY|FxOzBnFtBdEhDlFlTxZ|c@dp@tr@dbAlE|FpBrB|BlBjBnAjCpAdDnA|Ct@tZvF`D~@`Bn@zBfAlC~AhCxBbBfB|BzClBnCzCvFjItPjTvd@pJ~Rb@fAx@rBd@xAjA~E`t@ziDvZb_BrH|`@rFrXvM~o@f\~~ApWlnAtRz|@pEdSbPbq@fKpc@fXphA`p@noCbEtPpfAbqErGtXlA|EpsBrtIdAbEfEnQdBdHjDhOxLpg@bFhSzDxM|GnTvFzPrl@pjBps@l{Bz]rfApP`i@jGvQdGnOxDfI`\~o@zWbi@tFfLjXji@xVbf@vVve@jJzP~Z~i@bPvXrElHjOvTdApAp_@ni@xl@fz@f_@`h@tlC|uCrGjHpHhHvF|EdGrE~DnCxDxBdErBlJfEvFxBlRjF~FhBtD|AfD~A`CzAjChBpB|AjB`BlErE~D`Ffa@ni@lYp_@rH|JjMnPbRnVdEfFjF|E|FzDvGtD`FrBzDjA~Cz@dBzA\l@Pd@Ln@Dh@@f@Ar@Gt@Kt@Sv@[|@fEaDrAu@pCkAbBg@jBYzD]`@K~GVhGNnDNbHNrDXbCZroC|b@duB`\tsCzc@fDt@t@\nAXhDh@n@Bj@EtBT~Ez@lDr@pzBno@b~@|Wpm@`Q~R|F~QhFp[nJ`XnHr^vK~GtCtFvDhDpCfDxC|BbClChDxC~D`DnFfCtEnAjCfBhE`BnEnJlZnC`JxClJlQjk@lGxSb@zBdAzDrAnEt@tBz@nBjHfT`AbCvDtIxBdEvAbCxCvEdCdDrCbDdBdBvCfCvBbBvAbAdCzAfE|BnmAzl@fc@nTbq@j\hAf@rCbAfDx@nFdAxARnWzBza@vD`Cb@fDt@`Cn@zGlC|DvBdDzBdDbC|BrBvBxB`DtDvBnC~FlJ`DhGp_@n}@bIvRbBvD`LhX`HdPnJjU|Stf@zZht@lUpj@fHpPxDrIxDtHnGhKxBbDzXf_@tNvRp{DfmF~l@tx@nK~NnFfHtDfE|DtDPn@f@nAb@vA^rALlAH`BB|AE~AIfAS~BhAmCxBqHvEgNhBqE`CsFtDaI~LiVhKeSr@{ArCoF|DmGzD{GhFiKbCkFlAwCnc@m{@`i@giAxFkMpCsFpAsB`AsAh@m@~BgBtAq@bBm@pAWrCSjGBnIHxG`@xK@vAGzHC~L@BpBJpBRtB~@dH|@|Ft@tCp@nBt@dBT^l@f@b@VXHj@@XOd@u@|DiJdLwV^i@b@_@h@WjAYl@Cl@Fz@T\TvBlD`GvKrG|KhR|ZvQhYr@jAVj@mCjG}EhKOb@@`@Vr@hBxCHRDZFfKAlYBjAHTf@XJJHXB`@@bBCbBK|@o@`DyA~EgBhFiH|U}@jDEZoBtIMjAb@p@pDhDpKhLFr@Ap@a@lCNVxAdApBjAnBj@zBd@bACjC{Ad@OZDR\ZvB^xAv@xBfAnDhAdEhJb\jDfMrClJjBlEhDhHh@n@n@RfBFbAIn@O|@k@t@m@Jp@?l@Kh@C^g@xBMNKd@KR?f@,"[{""lat"": 53.64763969412718, ""lng"": 55.99652291325584, ""address"": ""80К-026 Стерлитамак — Белорецк — Магнитогорск, Стерлитамак"", ""date"": ""01.02.2026"", ""time"": ""08:00""}, {""lat"": 51.81280767841902, ""lng"": 55.04696011658667, ""address"": ""проспект Братьев Коростелёвых, 181, Оренбург"", ""date"": ""28.02.2026"", ""time"": ""20:00""}]",1259047103_03.02.2026,1259047103,03.02.2026,03.02.2026 10:00:00,03.02.2026 22:00:00,PRINTING,,708,Х998ТА86,С/тягач Volvo FM Truck 6х4,"№122058/2 от 30.01.2026. ТФ ""Мостоотряд-15"" филиал АО ""Мостострой-11""",122058.0,,0.0,A362626,,,,,0.0,,,,0.0,0,0
122063,IN_WORK,30.01.2026 11:36:22,груз сборный,20.0,75.0,1.0,18.0,"80К-026 Стерлитамак — Белорецк — Магнитогорск, Стерлитамак",01.02.2026,"проспект Братьев Коростелёвых, 181, Оренбург",28.02.2026,245121,12293894,МСК,A362626,Реконструкция мостового перехода через реку Сакмара (верхового) на проспекте Братьев Коростылевых в городе Оренбурге (АВТОБАН ДСК АО),abmfIyaxtI`FoCn@gB~@yAWzHqBte@OpBc@jCu@|Bu@tAeAjAaB`A{Bh@q@XsA|@mGhLb@z@Rp@TnAHj@BlA?hBBjAhEfTZhBJ~AB~@\jF`AbJJ\|@zAZZxIlGtJxAjJ`AlLp@dM\|FJ~H~@~Cf@|ANhOjC`HjH|BfCpGcVxCoMfCaKjLxLvB~BRLdQzQle@df@`HnHlIpIhI~E\?RSPe@RqAL]^_@bFgBb@K\AjFV~ENnCb@z_A|FlJb@lA?zB}@pAu@pKeHdEiCtGqEfBgBxBkDpL{S|EuJjJmSzBoB|@]t@St@Gr@BfXrJdNlFve@dZ~G~E|QrOfApAj@|@vAzCpSra@lEbIlZfh@j@v@t@v@^^fAl@lQ`Gpa@dMdD|@v_@jLtD`AlIlC~d@hNvx@~UzJnCjBp@fGjBdQ`Ftr@`T~^hLrBd@~D^ve@|CdFb@|c@|CbBNrARnAXb@PnA`AjXhVz@p@fAp@hAf@bB\trAfMpHUjBUxPo@jG_@pBSfASr@[vEgCdDyAfKuF|PuJ`EsBtI_FfLeGlLwG`NqHzg@kXh@Sr@AxALlDb@|dAzO~En@hBPz[n@fh@t@~IFjN\zNh@z_AxApGRx\bBp@Pn@d@DLTV^HXBVGhBgAPC`o@`DnClA|BfCfEfInClG~E|JjAxB|@xBfAjBn@h@v@Vv@B|MGzHMxA?`BDfKz@lMd@pEHzZBhA^~@`Az@dAp@jAl@r@z@r@n@XfABb@Gj@Ur@w@jA_Cp@eBTc@LOx@[lB?nMOpKGx@@fB^`JjEdBt@t@PjALpVl@|AXrB`ArDrAhHZjCMbKaCnt@nApDLhDq@xAiBhH{KnNaXhQk[~EmHdBcAjB_@de@El@lB|Au@fCw@`FO~e@GbPz@th@rDveD|U~HnAne@dJnhBf\nLrBnAH`CHf^oKpQ_G~TgHvAMjLlBjHlBtH|BxTlGje@rN|TtGh]~Ixp@nPja@xJrDTvE?vGHx@Xn@dA|@|Bh@r@pA^fmBbI`ZbAnoD_HhDOzB_@fCs@pDcBfjBaoA|F}BdG{AnEs@pg@Urt@tFzV]hpA_DvEBjEV~i@bFh[|CrBFlACzAY~x@w^vUkFnDi@n^wD`EWdNfAhHr@xGvBdAf@xAz@xBhBt@~@|@tA|F|KrH`O~CdIjBpFhAxEbBpKrEr]hA|FrAjFbBvExBhFfCpEjDhExCbCfC`BhD~AbD~@xO~C|T~D`QxBdUtA`eBrInSI|z@yAjTQ|CZvFbBhB|@lBp@lMnFd}C`oAvBnApFjEhs@xo@lPpOfGnF`ChBnBlArBdAjBr@jEbAtBP`CCtBe@tBu@|DoBrA_AhAcAlAqAhAeB`CgEfk@qeAps@msAlFsJxByCpC_DvC}BvDeBjKgDnEkBvFmCpHyEjDeCnCaC`FyFvBqCdBoCdUcb@lB}BtAqA`BkA~Y}ObW{MlFiBjV}Hvk@{RvZ_KbCe@nCIjBPdJfBpcAtSxCr@fIlCjIbDtInDxJxDhAdAdBxB|JjNx@z@rAbAj_Aze@zAz@nDjCrBnBhrD`cEhXvb@hLpQnO`UlAzA|CpAjARtCVjPl@hNX~F_BjAa@fAu@dA_AhAwAbAqBr@mBn@mCt@qF|@kO`BaMdCcItGaLtFcL`CuDnDkDhDoBtEoAxGcAxGUpIrAxJtBfIzC|NpIzJhGjJnHdJfItEbFrDfGnEvIfCvFlFrHpI|DhPjHjCpA~GtCjBb@~~@`Jng@dFrl@lF`h@dFzTfCjABpAQpJkBfCa@`JkB~J_CnKmChLcDdTwFjn@}PnAQh@Cr@BlAVbAj@v@z@l@dAVn@t@`C|Krd@|@xCh@xArGjPnXrs@`AnB~KdQxEzHnAfBvAvA|BjBn@^p@\fBp@nAZxATvBRhABp[HpGAfBQrAe@pAu@`As@nCyCvL}OvA{Az@o@|@k@bA_@tBc@np@cKlDo@|CShB?jN`@fCEpBMlQwDh]{H~Da@dEMvLl@`KDrHk@pEs@v^}Gt_@oDrWkB`h@wCxFi@tFy@hTwEdQgDlRmBpCWr@AxB`@hrAjb@t_@`KjwBbd@tv@~Jdw@hInSrAvrBzOj\nCx`Aj@hMRlX|@`FElEk@lf@yHtBKp@DlAR~Af@xDhCbCrAdA^pBTvAC|@OfBg@pRsHvCcAfBi@dAUdAMbA@~@L`AV`A`@dAh@p@f@zAdBh@x@d@~@xKzY|FxOzBnFtBdEhDlFlTxZ|c@dp@tr@dbAlE|FpBrB|BlBjBnAjCpAdDnA|Ct@tZvF`D~@`Bn@zBfAlC~AhCxBbBfB|BzClBnCzCvFjItPjTvd@pJ~Rb@fAx@rBd@xAjA~E`t@ziDvZb_BrH|`@rFrXvM~o@f\~~ApWlnAtRz|@pEdSbPbq@fKpc@fXphA`p@noCbEtPpfAbqErGtXlA|EpsBrtIdAbEfEnQdBdHjDhOxLpg@bFhSzDxM|GnTvFzPrl@pjBps@l{Bz]rfApP`i@jGvQdGnOxDfI`\~o@zWbi@tFfLjXji@xVbf@vVve@jJzP~Z~i@bPvXrElHjOvTdApAp_@ni@xl@fz@f_@`h@tlC|uCrGjHpHhHvF|EdGrE~DnCxDxBdErBlJfEvFxBlRjF~FhBtD|AfD~A`CzAjChBpB|AjB`BlErE~D`Ffa@ni@lYp_@rH|JjMnPbRnVdEfFjF|E|FzDvGtD`FrBzDjA~Cz@dBzA\l@Pd@Ln@Dh@@f@Ar@Gt@Kt@Sv@[|@fEaDrAu@pCkAbBg@jBYzD]`@K~GVhGNnDNbHNrDXbCZroC|b@duB`\tsCzc@fDt@t@\nAXhDh@n@Bj@EtBT~Ez@lDr@pzBno@b~@|Wpm@`Q~R|F~QhFp[nJ`XnHr^vK~GtCtFvDhDpCfDxC|BbClChDxC~D`DnFfCtEnAjCfBhE`BnEnJlZnC`JxClJlQjk@lGxSb@zBdAzDrAnEt@tBz@nBjHfT`AbCvDtIxBdEvAbCxCvEdCdDrCbDdBdBvCfCvBbBvAbAdCzAfE|BnmAzl@fc@nTbq@j\hAf@rCbAfDx@nFdAxARnWzBza@vD`Cb@fDt@`Cn@zGlC|DvBdDzBdDbC|BrBvBxB`DtDvBnC~FlJ`DhGp_@n}@bIvRbBvD`LhX`HdPnJjU|Stf@zZht@lUpj@fHpPxDrIxDtHnGhKxBbDzXf_@tNvRp{DfmF~l@tx@nK~NnFfHtDfE|DtDPn@f@nAb@vA^rALlAH`BB|AE~AIfAS~BhAmCxBqHvEgNhBqE`CsFtDaI~LiVhKeSr@{ArCoF|DmGzD{GhFiKbCkFlAwCnc@m{@`i@giAxFkMpCsFpAsB`AsAh@m@~BgBtAq@bBm@pAWrCSjGBnIHxG`@xK@vAGzHC~L@BpBJpBRtB~@dH|@|Ft@tCp@nBt@dBT^l@f@b@VXHj@@XOd@u@|DiJdLwV^i@b@_@h@WjAYl@Cl@Fz@T\TvBlD`GvKrG|KhR|ZvQhYr@jAVj@mCjG}EhKOb@@`@Vr@hBxCHRDZFfKAlYBjAHTf@XJJHXB`@@bBCbBK|@o@`DyA~EgBhFiH|U}@jDEZoBtIMjAb@p@pDhDpKhLFr@Ap@a@lCNVxAdApBjAnBj@zBd@bACjC{Ad@OZDR\ZvB^xAv@xBfAnDhAdEhJb\jDfMrClJjBlEhDhHh@n@n@RfBFbAIn@O|@k@t@m@Jp@?l@Kh@C^g@xBMNKd@KR?f@,"[{""lat"": 53.64763969412718, ""lng"": 55.99652291325584, ""address"": ""80К-026 Стерлитамак — Белорецк — Магнитогорск, Стерлитамак"", ""date"": ""01.02.2026"", ""time"": ""08:00""}, {""lat"": 51.81280767841902, ""lng"": 55.04696011658667, ""address"": ""проспект Братьев Коростелёвых, 181, Оренбург"", ""date"": ""28.02.2026"", ""time"": ""20:00""}]",1259047118_03.02.2026,1259047118,03.02.2026,03.02.2026 10:00:00,03.02.2026 22:00:00,PRINTING,,709,К648АА186,С/тягач VOLVO FM-Truck6х4,"№122063/2 от 30.01.2026. ТФ ""Мостоотряд-15"" филиал АО ""Мостострой-11""",122063.0,,0.0,A362626,,,,,2.84,0.39,3.15,2.77,21.3,4,11.44
122103,IN_WORK,30.01.2026 15:13:10,перевозка ТМЦ,20.0,0.0,1.0,2.0,"71Н-1656 Подъезд к промпорту, Тобольск",01.02.2026,"Прииртышский, Р-404 Тюмень — Тобольск — Ханты-Мансийск",28.02.2026,19631,1184252,МСК+2,A362359,Строительство и реконструкция моста через Ивановский Лог. А/д Р-404,yfybJ{~j_LZKoCyq@CsC@yBDeBJoBj@yFh@eD`AwFpEqU|EcXhRccA|BwMhR{mA|Gob@bAoHPq@Vo@p@eAdBaBaBwGkBuIyAqH_@oBs@cFaEkZo@aGEkA?}A^iCXeATq@Zk@h@o@^]rBo@hAWdAg@^]tN_Q|a@ah@~@mA|@sAdB_Dl@sAfc@wgAto@}`B|JuVbRqe@`C_G~@qBrAeCfAeBp@w@dAw@pAe@nBa@lBGnqAWtXMdx@Bbl@]bBDnMK|M?pNIhAEbBQxCc@tDw@hBe@vC_A`C}@vEuBpC}AjA}@rCgC|AaBzDsExFuH`GaJpAyBbCyEtCuHzBsG`GiOvGmNj@kApAwBfB_CvCoDlDwD|HuHrD{CjBsAnBcAnBw@|HkBdDg@nEg@|CWrLi@jD_@vKmBdH_Bn[yJdFmArCY~BGbKEtHR,"[{""lat"": 58.298665705539214, ""lng"": 68.2185745239258, ""address"": ""71Н-1656 Подъезд к промпорту, Тобольск"", ""date"": ""01.02.2026"", ""time"": ""08:00""}, {""lat"": 58.16825802072534, ""lng"": 68.37470054626466, ""address"": ""Прииртышский, Р-404 Тюмень — Тобольск — Ханты-Мансийск"", ""date"": ""28.02.2026"", ""time"": ""20:00""}]",821_03.02.2026,821,03.02.2026,03.02.2026 08:00:00,03.02.2026 20:00:00,CLOSED,04.02.2026,390,Р184УС86,С/тягач КамАЗ 65221,"№122103/1 от 30.01.2026. ТФ ""Мостоотряд-87"" филиал АО ""Мостострой-11""",122103.0,11.0,0.0,A362359,,,,,44.2,1.7,10.02,8.32,69.2,18,9.71
122183,IN_WORK,31.01.2026 13:37:38,металлоконструкции,20.0,60.0,2.0,56.0,"Ялуторовский тракт 11-й км., 9, Тюмень",01.02.2026,"Ялуторовский тракт 11-й км., 1А с9, Тюмень",01.03.2026,451,81263,МСК+2,T000118,Цех металлоконструкций,ifn{IioxoKPaAlAP`@c@jAe@VSlI{Sh@bA,"[{""lat"": 57.09415779178091, ""lng"": 65.66648483276369, ""address"": ""Ялуторовский тракт 11-й км., 9, Тюмень"", ""date"": ""01.02.2026"", ""time"": ""08:00""}, {""lat"": 57.0912900352022, ""lng"": 65.67027211189271, ""address"": ""Ялуторовский тракт 11-й км., 1А с9, Тюмень"", ""date"": ""01.03.2026"", ""time"": ""08:00""}]",1259067514_03.02.2026,1259067514,03.02.2026,03.02.2026 08:00:00,03.02.2026 20:00:00,GIVED_BACK,,112,М118УН72,С/тягач Volvo FM Truck 6х4,"№122183/1 от 31.01.2026. ТФ ""Мостоотряд-36"" филиал АО ""Мостострой-11""",122183.0,,0.0,T000118,,,,,0.0,,4.59,4.59,31.9,1,12.0
122183,IN_WORK,31.01.2026 13:37:38,металлоконструкции,20.0,60.0,2.0,56.0,"Ялуторовский тракт 11-й км., 9, Тюмень",01.02.2026,"Ялуторовский тракт 11-й км., 1А с9, Тюмень",01.03.2026,451,81263,МСК+2,T000118,Цех металлоконструкций,ifn{IioxoKPaAlAP`@c@jAe@VSlI{Sh@bA,"[{""lat"": 57.09415779178091, ""lng"": 65.66648483276369, ""address"": ""Ялуторовский тракт 11-й км., 9, Тюмень"", ""date"": ""01.02.2026"", ""time"": ""08:00""}, {""lat"": 57.0912900352022, ""lng"": 65.67027211189271, ""address"": ""Ялуторовский тракт 11-й км., 1А с9, Тюмень"", ""date"": ""01.03.2026"", ""time"": ""08:00""}]",1259067512_03.02.2026,1259067512,03.02.2026,03.02.2026 08:00:00,03.02.2026 20:00:00,CLOSED,05.02.2026,523,О526МВ72,С/тягач Камаз 54105,"№122183/1 от 31.01.2026. ТФ ""Мостоотряд-36"" филиал АО ""Мостострой-11""",122183.0,9.0,0.0,T000118,,,,,0.0,,2.47,2.47,7.8,1,12.0
122183,IN_WORK,31.01.2026 13:37:38,металлоконструкции,20.0,60.0,2.0,56.0,"Ялуторовский тракт 11-й км., 9, Тюмень",01.02.2026,"Ялуторовский тракт 11-й км., 1А с9, Тюмень",01.03.2026,451,81263,МСК+2,T000118,Цех металлоконструкций,ifn{IioxoKPaAlAP`@c@jAe@VSlI{Sh@bA,"[{""lat"": 57.09415779178091, ""lng"": 65.66648483276369, ""address"": ""Ялуторовский тракт 11-й км., 9, Тюмень"", ""date"": ""01.02.2026"", ""time"": ""08:00""}, {""lat"": 57.0912900352022, ""lng"": 65.67027211189271, ""address"": ""Ялуторовский тракт 11-й км., 1А с9, Тюмень"", ""date"": ""01.03.2026"", ""time"": ""08:00""}]",1259067532_03.02.2026,1259067532,03.02.2026,03.02.2026 08:00:00,03.02.2026 20:00:00,PRINTING,,114,О195РВ72,С/тягач Volvo FM Truck 6х4,"№122183/1 от 31.01.2026. ТФ ""Мостоотряд-36"" филиал АО ""Мостострой-11""",122183.0,,0.0,T000118,,,,,32.52,0.78,2.97,2.18,14.7,5,11.09
122183,IN_WORK,31.01.2026 13:37:38,металлоконструкции,20.0,60.0,2.0,56.0,"Ялуторовский тракт 11-й км., 9, Тюмень",01.02.2026,"Ялуторовский тракт 11-й км., 1А с9, Тюмень",01.03.2026,451,81263,МСК+2,T000118,Цех металлоконструкций,ifn{IioxoKPaAlAP`@c@jAe@VSlI{Sh@bA,"[{""lat"": 57.09415779178091, ""lng"": 65.66648483276369, ""address"": ""Ялуторовский тракт 11-й км., 9, Тюмень"", ""date"": ""01.02.2026"", ""time"": ""08:00""}, {""lat"": 57.0912900352022, ""lng"": 65.67027211189271, ""address"": ""Ялуторовский тракт 11-й км., 1А с9, Тюмень"", ""date"": ""01.03.2026"", ""time"": ""08:00""}]",1259067718_03.02.2026,1259067718,03.02.2026,03.02.2026 20:00:00,04.02.2026 08:00:00,GIVED_BACK,,112,М118УН72,С/тягач Volvo FM Truck 6х4,"№122183/1 от 31.01.2026. ТФ ""Мостоотряд-36"" филиал АО ""Мостострой-11""",122183.0,,0.0,T000118,,,,,0.0,,5.98,5.98,37.8,1,12.0
122183,IN_WORK,31.01.2026 13:37:38,металлоконструкции,20.0,60.0,2.0,56.0,"Ялуторовский тракт 11-й км., 9, Тюмень",01.02.2026,"Ялуторовский тракт 11-й км., 1А с9, Тюмень",01.03.2026,451,81263,МСК+2,T000118,Цех металлоконструкций,ifn{IioxoKPaAlAP`@c@jAe@VSlI{Sh@bA,"[{""lat"": 57.09415779178091, ""lng"": 65.66648483276369, ""address"": ""Ялуторовский тракт 11-й км., 9, Тюмень"", ""date"": ""01.02.2026"", ""time"": ""08:00""}, {""lat"": 57.0912900352022, ""lng"": 65.67027211189271, ""address"": ""Ялуторовский тракт 11-й км., 1А с9, Тюмень"", ""date"": ""01.03.2026"", ""time"": ""08:00""}]",1259067716_03.02.2026,1259067716,03.02.2026,03.02.2026 20:00:00,04.02.2026 08:00:00,NOTUSED,,523,О526МВ72,С/тягач Камаз 54105,"№122183/1 от 31.01.2026. ТФ ""Мостоотряд-36"" филиал АО ""Мостострой-11""",122183.0,,0.0,T000118,,,,,0.1,0.01,2.72,2.71,11.5,2,11.96
122184,IN_WORK,31.01.2026 13:39:11,бетон,,24.0,1.0,56.0,"База МО36, Ялуторовский тракт 11-й км., 1А с9, Тюмень",01.02.2026,"База МО36, Тюмень",28.02.2026,178,32150,МСК+2,T000120,Бетонный завод,yqm{I}cyoKfAtBwAzBCz@]x@[k@,"[{""lat"": 57.09081205420718, ""lng"": 65.67034721374513, ""address"": ""База МО36, Ялуторовский тракт 11-й км., 1А с9, Тюмень"", ""date"": ""01.02.2026"", ""time"": ""20:00""}, {""lat"": 57.09144158886526, ""lng"": 65.66826581954957, ""address"": ""База МО36, Тюмень"", ""date"": ""28.02.2026"", ""time"": ""23:00""}]",1259067515_03.02.2026,1259067515,03.02.2026,03.02.2026 20:00:00,03.02.2026 23:00:00,CLOSED,05.02.2026,119,О614МН72,С/тягач МАЗ 6422А-330,"№122184/1 от 31.01.2026. ТФ ""Мостоотряд-36"" филиал АО ""Мостострой-11""",122184.0,3.0,0.0,T000120,,,,,0.0,,,,0.0,0,0
122189,IN_WORK,31.01.2026 15:02:54,Завод ЖБИ перевозка арматурных каркасов БНС,20.0,69.12,2.0,1.0,"База МО36, Ялуторовский тракт 11-й км., с5/9, Тюмень",09.02.2026,"Прииртышский, Р-404 Тюмень — Тобольск — Ханты-Мансийск",15.02.2026,232749,10724847,МСК+2,A361975,Строительство и реконструкция моста через р. Иртыш. А/д Р-404,{jn{IkayoKj@LPA\cF?o@Ac@ISSYiFsFuCqDo@m@vTcx@`AmCn@wB\u@`@a@XKJ?ZFXVLPPf@PnAVvF?j@E~@Kr@Ul@e@b@WHe@?y@KaCIyFe@aEMuELqBLaC\cGhAsl@dPaC^{BTkFH}DQ{AOeDm@cCq@sBs@kDaBmCcBmDmCiBiB}BeCmA{A{AwBmBwCsByDe^yt@gWkh@aAcBgBuCcByBw@}@aAaAyBoB_BeAcBaAgCeAcCs@iCc@mAMuBEcB@qAHmBTcB^_Bf@_Bn@uBfA_DzBgBbBiD~DyFxIgBdC{BvCqC~CyB|BiC~BoB`ByAdAgFbDoBdAkClAqUrIgj@`SuG|BeEnAs@Lsg@~FiFb@cBEgAe@[W]a@_@u@Oa@iE{PSkBC_CVaKh@ePbEgfAvGudBrA_\tCwv@tQiuE\aGt@_Kt@yPN{EL_KJmF~HgqBdFmpA`Bub@HmG?_FsAuxAa@__@i@qYcAab@q@eV[uIa@cIk@qIeA{LaAuIw@gGeB}KeBqJ_M_n@uYsyAoB_JuAeGiRou@}CaMm@kCuA_HwA{Ho@yDeBiLu@_Gek@caFk@iGkAoOmAqKoDkV}BcSyA}NcNqmAcIsq@mDcWw@oGs@iHc@kF]{FKmBYcJGgECcK@_EB_HVwUFgBJ{BPmCt@_Jv@iIv@kG|E}[|Ggh@nA}H\aBl@mClAuEr@sBdEyK|@oCbA_ElD{Q`A_Ej@mBzAkE|Mm^j@gBxBiInAcFfCeLpa@kpB|P}x@dB}GfEeOh@{Bb@{Bj@eEv@cIj@aFfAcIhImf@bBkL|@aHfA{J|@_KtD}c@`AuOTkGJ{GCaIIgHW_IgIycB}K}cCqBod@Q{FMsGGcN?_P@_KF{F\gNf@kLzBic@bT}yDvEk|@lE_w@j@qId@{Fn@{Fj@}DjDqR|@kF`AiGbCiRhAcHfDkR|@uFjA_J`Gsk@`Fmf@~@iIhAaIhBmK|@gErFuVzBqKzAsIfBaL|AeMnAeMh@{GfCi^rFyu@rC}a@zDam@hHydAZuFl@uML}CPcHJeGJiP@sQVoOB}G?eEGkEKqDIeC[gFg@uHa@qH[aJyAu]QiF[cNGmIAsE@yXNos@GoLIcGo@iVM}Cg@oJiGu~@iAyR_@mFYwCk@_E{Ck`@iJqnAs@_Kk@aKiQg~D[gIi@kPQsII_KDwk@KmMe@qXs@yTsBml@wNwpDmBcd@_@gHo@mJYiDuKegAmBqQ}@sHy@wFyA_JiAcGoCsM_AsDkAkEkDyL{A{EuCqIgAyC}B}FeCwFgQk^uB}D_FoI_JoN{BkE{@mBw@mBsCoIkE}NwBcJql@onCed@ssBmDoNoBoH_BoFiDuKc`@_iAkOgd@yf@axAw]mcAcOod@_^siA{BwGaKk\mBcGeEkNcCaHiD_Jw@yByDsL}Lib@sAeFyAiGcAmEwBeKw@gEoDgUqAmJwA}KmAoKcWedCsAsL}AgM}A_LmKir@wSqsAiO}aAa@_DwBeR}XqgCsBmPwB{NgA{GoAiHcC{LaCkK{CaMcCaJyCuJ{CiJad@grAkEwNsAyDkFcN{C}IguAgaEeGaR_GcRaHiU}Kc`@skA_fE{BwImAwFwBgKoBgI}AqFwAmE_BmEoBwEmCgGiIwS}BiFmB_EyDyHwCmF{CkF_EiG}EaH{GmIuCeD_~@{bAoAmAaDsC_E}C{AcAqGaEmFuCeCiAsFsB{GkBmIwAqRqByEs@kDq@kD_AuHmC{DgB{DsBmEsCmGyE{CkCkCgCsGmHgEqF{A{BsBiDiGkLgDqFgCqDgDaEeKaLgAsAmHeK{~@urAeEwG}F_KuFmKuAsCeGeNcCeGi`@}gAsEyLeEsK}BuG}BmFcAkB{@qAmPeRsGwGoGeGmsAulAy_@s]cYcWyOaN{I}GuJiHkD_Cgl@ib@kIsFaP{IwHwF{A}@wAq@kAc@iAWo@GkHY_Ge@{AS}KyBwj@qLgCm@eDcAuKoEqB}@cHwDyLuHcR_Lc^iSmPqHoSuHoMqDkPiDmOyBkDYoMuAsCOoEOkKi@iCC{XHsc@_@qh@sA{Ou@}Em@mB[cDu@uGkBoDqAqB{@mGcD}DiCqB_BmEaE}AiBcByBoFuHwAeCqAeCkAiCmBeFu@{BmBcHcBqHeCgMy@yFUsBe@iGSyE[iIMgFIqGcAc}AE_IMeIMwDk@kKYaE}AcPkBaQ{@oGcCsNwAkHuB_J}C}KaEqPw@yCa@iAaAwBg@cAaDwEgAiBsAkBsGkKiUi[y_A{oAcRmWiLmOwFaHoIsLa[cb@iL_OyNqPkKaLyEwE}JkKsL_KcLmImN{Lwg@wb@qHyGaF_FsGuHqBoCoHwKsDyF}CkFmDaHmDiHkG{NsCoHmCsHaCmHgGaTmB}Hwr@ucD_Hc[sBoIiBeHwHsVwZe~@qFaQsCmKaGgWeM}j@qFyWiDyOgHc\eJ_a@aPot@_D_NmGuTsJu]eAkEgDqOyAoGkBoJ{AcJ{Gmf@m@}EqFyi@_B}RoBiXo@eG{BsRiAyIeA}GsGc\cAoEkAoEiBgGwCaJwCmI}ByF}CcHeFmKqDmGgBqCga@ml@qSuZwSkZiA_AcR{XaE}GyCwFsCyFeCqFcC}FiGaPeCeHqBiGuEuOgAeE}DkPaE{RcAqF}@qFyDuW_AeIeCaW{B{Ww@wK{@eN_Dae@eRglCuDkg@uC}\cAeK}@iIgHum@gB_Ns@qEcCcNgHa_@{D}PsAmFgBoGsBeHyEmO}CaJkDmJqDeJkDcI{J_TwDqHeIqOmEwHoWo_@oCeEaDeEeBqBotA_sAci@eh@ucBebBqk@ik@cBmBwBoCqImMgCuEuBmEgBgEwAyDcEeMeFcPeBaGaBuGuJs`@wm@edCsMii@cAaFi@yCa@qCwAqLY{CW}DQwDKqDGmDGuH?qPPay@FkiBAed@IqgAAkFMaMmF{_FM}JW}J]qM_@{JeHiyAyPgiDw@kMc@yFu@kIa@}DgBsNaQmrAmOqjAoAsJaAyIW{CeBcX[_H[{HMmEc@qRaBew@m@uRWkGc@aIe@{GaAsKyYatCgAmJiAoIqCmQkAaH_BqIiA{FuAoGsCqLmDeNaBwFsBoGkCuH}GuQqHyQyx@yiByc@wbAiFwLsB_FsDaKeDoJiBcG}BeIwAmF{DgPcFwUwRy~@aUueA_Put@mBwHqAwEqBcHkBsFoAkDaDcI_CqFeCmFgC_FkCwEqb@it@uaBctC}B_EgDiGsEaJqD_ImDkI_HeRoCqIyBsH}A_GqCgLmFqVeBoJiXe}AgAeG{@gEkCkLoAaFsA}EiDoK{AeEkA_Da]ox@oG{Oi_A_zBcQ}a@wJgUuFoLgGwL}EmIuHcMaIoLuHiJwDaEaHaHyCmCyFmE_IwFcF_DgHcEaK}EqD{AwDuAap@wT_K_DyT}FqE{@oC]_DUkDQmBCyDJ_E\yGfAkF`BmE~AkEpBwDzBsDlCqPlNuDlCsHpEsFzBoBh@}cAjQqb@vHoe@bIaLtBgJpAiCXqH`@yFLwG@gHWgFe@qCe@sKwB_NyD{EmBkCsAeKeGmE_D_CiBeJuHksAojAuH{GuHoHqoA}qAkVwVyE_E}GgGyBgBwJmGmIiE}XiMwQqHy{@{^qOmFoEmAkJkByCa@qHu@wF[gt@aAmGa@qH_A}DgAqPmF_GeC_GkC}E_D{E}DeFgF{EwF{AwBoTe[k`@sl@mFuH{RwYoD{F_EaHkC_FmCsFoFsLqCaH_CcHuBgHwB}HiVodAsNgn@}Loh@}a@mfB{_@kbByCyNqC{OeA{GqCeSoBwOkDoZwG_n@wBwTqL_xAkEgg@}@wI_@iDoAmJeAoGu@sDaBgHyAwFkFgRsBgG_C_GmAmCsCcFuBeD}E{GgFiGcE_EyBoBiCmBuBiA_g@}Q,"[{""lat"": 57.095022993793975, ""lng"": 65.66951751010494, ""address"": ""База МО36, Ялуторовский тракт 11-й км., с5/9, Тюмень"", ""date"": ""09.02.2026"", ""time"": ""08:00""}, {""lat"": 58.15106659053312, ""lng"": 68.36482524726308, ""address"": ""Прииртышский, Р-404 Тюмень — Тобольск — Ханты-Мансийск"", ""date"": ""15.02.2026"", ""time"": ""20:00""}]",1259067525_03.02.2026,1259067525,03.02.2026,03.02.2026 08:00:00,04.02.2026 20:00:00,NOTUSED,,2148,С725РН72,С/тягач Volvo FM Truck 6х4 12.8,"№122189/1 от 31.01.2026. ТФ ""Мостоотряд-36"" филиал АО ""Мостострой-11""",122189.0,,0.0,A361975,,,,,489.75,8.87,15.69,6.82,238.0,24,25.74
122260,IN_WORK,02.02.2026 07:29:39,"Сборный груз, материалы и оборудование для участка",1232.0,,1.0,56.0,"Омск, 52Н-335 Красноярский тракт",01.02.2026,Омск,01.03.2026,10316,743259,МСК+2,A362492,Строительство автомобильной дороги «Северный обход г. Омска»,qknoIajc~Lmd@pLgGtA_BZgZzCeKnAia@xF{@HaACk_@aCyAUa@MiCfBW\Qv@KhAw@xTq@`Ug@zMQdCShBWbBg@`CcId\sFdToDxNkF|Sa@bAc@l@WTwKjHLbBThFp@~QD`CBrIY|`@?h@Hb@LRRJtBTnDXdNt@z@VNNHRFd@J~Ld@rQbAbg@GnAyAhR?j@Dp@lCEz@LpKfC~@Lt@?~@IfDsAfCsAbBo@t@KtBGdBLlAGRdC@ZG`CB`A^`ENhCFbBvARfMlAtTdBDtC@pC_@di@M`VIzKKdF,"[{""lat"": 55.12909071827204, ""lng"": 73.2590675354004, ""address"": ""Омск, 52Н-335 Красноярский тракт"", ""date"": ""01.02.2026"", ""time"": ""08:00""}, {""lat"": 55.14588941054135, ""lng"": 73.1748161284486, ""address"": ""Омск"", ""date"": ""01.03.2026"", ""time"": ""08:00""}]",1259006186_03.02.2026,1259006186,03.02.2026,03.02.2026 20:00:00,06.02.2026 08:00:00,PRINTING,,2982,К409АН186,С/тягач КамАЗ 44108-24,"№122260/1 от 02.02.2026. ТФ ""Мостоотряд-29"" филиал АО ""Мостострой-11""",122260.0,,0.0,A362492,,,,,25.8,3.86,21.74,17.89,81.6,36,35.49
122302,SUCCESSFULLY_COMPLETED,02.02.2026 15:42:53,Порожний,0.0,,1.0,1.0,"Скания, Р351 300 километр, 2 ​Екатеринбург-Тюмень 301 км, 1 с1, Ушакова, Тюменский район, Тюменская область",03.02.2026,"Ялуторовский тракт 11-й км., Тюмень",03.02.2026,38329,2039362,МСК+2,A00000833,Услуги автотранспорта (с экипажем) (внутригрупповые),{on{Is~ulKnCIEqD~@eA?iBBe@pA`@NTDNB`@LpLPbEvBvnB`@vd@FXFDJEHYOsMQoHeBa{A}EynEEmIE{EQeJMaJiDu}CI{OQyNS{K}Kc}JUaN[oGQyCs@sJyNm{BiA}Re@sHaAmOo@_Ii@qIy[ecFs\ajFwFw}@WcD{@qJuA_NwJ{{@}MgoAqDi\w@}Gw@iGoA{HmOq}@}@qFoRwsAeAsGuAeHaC{KqDaOwKob@yCyLuAiGaNip@wG}[]aCqF}b@cAwJs@cIw@oMYcFCkA@_@No@Bg@?YIc@Yo@Mq@MyBQeJ@eAPyAbBoNtEw^?o@AOKYWW]CsEjAy@L_ADeAEoASoBo@}@c@o@o@Ya@O[Qo@QqAIcAAuADsEL{CHsDBkEC}AQiC_@iCOo@k@cBmK_VkDoHk@wAg@{AaA{DoCqMwJ}c@?[Ha@jU_j@|c@}dAxa@aaAp@eBh\iv@^kAP_AdAoEr@gD|WsuAhH}^h@aBlAkG`A{CpD{I~BeGfAeCrAmDNaAnIe]vN_k@j@aDjBeQbB{Pd@eDr@yDb@wBbQ}g@jCeHjFcOpEuMpDyKpQeh@nF_PzBgHxPum@~@kCbAmDn@l@tCpDhFrFRXHR@b@?n@e@hH,"[{""lat"": 57.09582845, ""lng"": 65.16259605127125, ""address"": ""Скания, Р351 300 километр, 2 ​Екатеринбург-Тюмень 301 км, 1 с1, Ушакова, Тюменский район, Тюменская область"", ""date"": ""03.02.2026"", ""time"": ""08:00""}, {""lat"": 57.094759700000004, ""lng"": 65.6690926, ""address"": ""Ялуторовский тракт 11-й км., Тюмень"", ""date"": ""03.02.2026"", ""time"": ""14:00""}]",823_03.02.2026,823,03.02.2026,03.02.2026 08:00:00,03.02.2026 23:00:00,PRINTING,,728,С639ТВ86,С/тягач Scania P420-CA 6х6 EHZ,"№122302/1 от 02.02.2026. ТФ ""Мостоотряд-36"" филиал АО ""Мостострой-11""",122302.0,,0.0,A00000833,,,,,280.42,3.76,10.18,6.42,41.4,6,11.15
122303,SUCCESSFULLY_COMPLETED,02.02.2026 15:57:25,арматурные каркасы,20.0,60.0,1.0,1.0,"Ялуторовский тракт 11-й км., Тюмень",03.02.2026,"Сумкино, Р-404 Тюмень — Тобольск — Ханты-Мансийск",03.02.2026,231032,10645268,МСК+2,A00000833,Услуги автотранспорта (с экипажем) (внутригрупповые),ein{Iy~xoKd@iH?o@Ac@ISSYiFsFuCqDo@m@vTcx@`AmCn@wB\u@`@a@XKJ?ZFXVLPPf@PnAVvF?j@E~@Kr@Ul@e@b@WHe@?y@KaCIyFe@aEMuELqBLaC\cGhAsl@dPaC^{BTkFH}DQ{AOeDm@cCq@sBs@kDaBmCcBmDmCiBiB}BeCmA{A{AwBmBwCsByDe^yt@gWkh@aAcBgBuCcByBw@}@aAaAyBoB_BeAcBaAgCeAcCs@iCc@mAMuBEcB@qAHmBTcB^_Bf@_Bn@uBfA_DzBgBbBiD~DyFxIgBdC{BvCqC~CyB|BiC~BoB`ByAdAgFbDoBdAkClAqUrIgj@`SuG|BeEnAs@Lsg@~FiFb@cBEgAe@[W]a@_@u@Oa@iE{PSkBC_CVaKh@ePbEgfAvGudBrA_\tCwv@tQiuE\aGt@_Kt@yPN{EL_KJmF~HgqBdFmpA`Bub@HmG?_FsAuxAa@__@i@qYcAab@q@eV[uIa@cIk@qIeA{LaAuIw@gGeB}KeBqJ_M_n@uYsyAoB_JuAeGiRou@}CaMm@kCuA_HwA{Ho@yDeBiLu@_Gek@caFk@iGkAoOmAqKoDkV}BcSyA}NcNqmAcIsq@mDcWw@oGs@iHc@kF]{FKmBYcJGgECcK@_EB_HVwUFgBJ{BPmCt@_Jv@iIv@kG|E}[|Ggh@nA}H\aBl@mClAuEr@sBdEyK|@oCbA_ElD{Q`A_Ej@mBzAkE|Mm^j@gBxBiInAcFfCeLpa@kpB|P}x@dB}GfEeOh@{Bb@{Bj@eEv@cIj@aFfAcIhImf@bBkL|@aHfA{J|@_KtD}c@`AuOTkGJ{GCaIIgHW_IgIycB}K}cCqBod@Q{FMsGGcN?_P@_KF{F\gNf@kLzBic@bT}yDvEk|@lE_w@j@qId@{Fn@{Fj@}DjDqR|@kF`AiGbCiRhAcHfDkR|@uFjA_J`Gsk@`Fmf@~@iIhAaIhBmK|@gErFuVzBqKzAsIfBaL|AeMnAeMh@{GfCi^rFyu@rC}a@zDam@hHydAZuFl@uML}CPcHJeGJiP@sQVoOB}G?eEGkEKqDIeC[gFg@uHa@qH[aJyAu]QiF[cNGmIAsE@yXNos@GoLIcGo@iVM}Cg@oJiGu~@iAyR_@mFYwCk@_E{Ck`@iJqnAs@_Kk@aKiQg~D[gIi@kPQsII_KDwk@KmMe@qXs@yTsBml@wNwpDmBcd@_@gHo@mJYiDuKegAmBqQ}@sHy@wFyA_JiAcGoAeG_AmE_AsDkAkEkDyL{A{EuCqIgAyC}B}FeCwFgQk^uB}D_FoI_JoN{BkE{@mBw@mBsCoIkE}NwBcJql@onCed@ssBmDoNoBoH_BoFiDuKc`@_iAkOgd@yf@axAw]mcAcOod@_^siA{BwGaKk\mBcGeEkNcCaHiD_Jw@yByDsL}Lib@sAeFyAiGcAmEwBeKw@gEoDgUqAmJwA}KmAoKcWedCsAsL}AgM}A_LmKir@wSqsAiO}aAa@_DwBeR}XqgCsBmPwB{NgA{GoAiHcC{LaCkK{CaMcCaJyCuJ{CiJad@grAkEwNsAyDkFcN{C}IguAgaEeGaR_GcRaHiU}Kc`@skA_fE{BwImAwFwBgKoBgI}AqFwAmE_BmEoBwEmCgGiIwS}BiFmB_EyDyHwCmF{CkF_EiG}EaH{GmIuCeD_~@{bAoAmAaDsC_E}C{AcAqGaEmFuCeCiAsFsB{GkBmIwAqRqByEs@kDq@kD_AuHmC{DgB{DsBmEsCmGyE{CkCkCgCsGmHgEqF{A{BsBiDiGkLgDqFgCqDgDaEeKaLgAsAmHeK{~@urAeEwG}F_KuFmKuAsCeGeNcCeGi`@}gAsEyLeEsK}BuG}BmFcAkB{@qAmPeRsGwGoGeGmsAulAy_@s]cYcWyOaN{I}GuJiHkD_Cgl@ib@kIsFaP{IwHwF{A}@wAq@kAc@iAWo@GkHY_Ge@{AS}KyBwj@qLgCm@eDcAuKoEqB}@cHwDyLuHcR_Lc^iSmPqHoSuHoMqDkPiDmOyBkDYoMuAsCOoEOkKi@iCC{XHsc@_@qh@sA{Ou@}Em@mB[cDu@uGkBoDqAqB{@mGcD}DiCqB_BmEaE}AiBcByBoFuHwAeCqAeCkAiCmBeFu@{BmBcHcBqHeCgMy@yFUsBe@iGSyE[iIMgFIqGcAc}AE_IMeIMwDk@kKYaE}AcPkBaQ{@oGcCsNwAkHuB_J}C}KaEqPw@yCa@iAaAwBg@cAaDwEgAiBsAkBsGkKiUi[y_A{oAcRmWiLmOwFaHoIsLa[cb@iL_OyNqPkKaLyEwE}JkKsL_KcLmImN{Lwg@wb@qHyGaF_FsGuHqBoCoHwKsDyF}CkFmDaHmDiHkG{NsCoHmCsHaCmHgGaTmB}Hwr@ucD_Hc[sBoIiBeHwHsVwZe~@qFaQsCmKaGgWeM}j@qFyWiDyOgHc\eJ_a@aPot@_D_NmGuTsJu]eAkEgDqOyAoGkBoJ{AcJ{Gmf@m@}EqFyi@_B}RoBiXo@eG{BsRiAyIeA}GsGc\cAoEkAoEiBgGwCaJwCmI}ByF}CcHeFmKqDmGgBqCga@ml@qSuZwSkZiA_AcR{XaE}GyCwFsCyFeCqFcC}FiGaPeCeHqBiGuEuOgAeE}DkPaE{RcAqF}@qFyDuW_AeIeCaW{B{Ww@wK{@eN_Dae@eRglCuDkg@uC}\cAeK}@iIgHum@gB_Ns@qEcCcNgHa_@{D}PsAmFgBoGsBeHyEmO}CaJkDmJqDeJkDcI{J_TwDqHeIqOmEwHoWo_@oCeEaDeEeBqBotA_sAci@eh@ucBebBqk@ik@cBmBwBoCqImMgCuEuBmEgBgEwAyDcEeMeFcPeBaGaBuGuJs`@wm@edCsMii@cAaFi@yCa@qCwAqLY{CW}DQwDKqDGmDGuH?qPPay@FkiBAed@IqgAAkFMaMmF{_FM}JW}J]qM_@{JeHiyAyPgiDw@kMc@yFu@kIa@}DgBsNaQmrAmOqjAoAsJaAyIW{CeBcX[_H[{HMmEc@qRaBew@m@uRWkGc@aIe@{GaAsKyYatCgAmJiAoIqCmQkAaH_BqIiA{FuAoGsCqLmDeNaBwFsBoGkCuH}GuQqHyQyx@yiByc@wbAiFwLsB_FsDaKeDoJiBcG}BeIwAmF{DgPcFwUwRy~@aUueA_Put@mBwHqAwEqBcHkBsFoAkDaDcI_CqFeCmFgC_FkCwEqb@it@seBczCgDiGsEaJqD_ImDkI_HeRoCqIyBsH}A_GqCgLmFqVeBoJqZkeB{@gEkCkLoAaFsA}EiDoKgDeJa]ox@oG{Oi_A_zBcQ}a@wJgUuFoLgGwL}EmIuHcMaIoLuHiJwDaEaHaHyCmCyFmE_IwFcF_DgHcEaK}EqD{AwDuAap@wT_K_DyT}FqE{@oC]_DUkDQmBCyDJ_E\yGfAkF`BmE~AkEpBwDzBsDlCqPlNuDlCsHpEsFzBoBh@}cAjQqb@vHoe@bIaLtBgJpAiCXqH`@yFLwG@gHWgFe@qCe@sKwB_NyD{EmBkCsAeKeGmE_D_CiBeJuHksAojAuH{GuHoHqoA}qAkVwVyE_E}GgGyBgBwJmGmIiE}XiMwQqHy{@{^qOmFoEmAkJkByCa@qHu@wF[gt@aAmGa@qH_A}DgAqPmF_GeC_GkC}E_D{E}DeFgF{EwF{AwBoTe[k`@sl@mFuH{RwYoD{F_EaHkC_FmCsFoFsLqCaH_CcHuBgHwB}HiVodAsNgn@}Loh@}a@mfB{_@kbByCyNqC{OeA{GqCeSoBwOkDoZwG_n@wBwTqL_xAkEgg@}@wI_@iDoAmJeAoGu@sDaBgHyAwFkFgRsBgGh@eA,"[{""lat"": 57.094759700000004, ""lng"": 65.6690926, ""address"": ""Ялуторовский тракт 11-й км., Тюмень"", ""date"": ""03.02.2026"", ""time"": ""14:00""}, {""lat"": 58.13519601546809, ""lng"": 68.35693359375001, ""address"": ""Сумкино, Р-404 Тюмень — Тобольск — Ханты-Мансийск"", ""date"": ""03.02.2026"", ""time"": ""23:00""}]",823_03.02.2026,823,03.02.2026,03.02.2026 08:00:00,03.02.2026 23:00:00,PRINTING,,728,С639ТВ86,С/тягач Scania P420-CA 6х6 EHZ,"№122303/1 от 02.02.2026. ТФ ""Мостоотряд-36"" филиал АО ""Мостострой-11""",122303.0,,,A00000833,,,,,280.42,3.76,10.18,6.42,41.4,6,11.15
122311,SUCCESSFULLY_COMPLETED,02.02.2026 19:30:32,Арматурные каркасы,5.0,69.12,1.0,1.0,"Арматурный цех ВСЖМ, 46К-9253 Лотошино - Суворово - Клин (Клинский район)",03.02.2026,"ВСЖМ, 6 этап, ПК5452, М-11 «Нева»",03.02.2026,36952,1508525,МСК,A362477,Создание высокоскоростной ж/д мгстр. Санкт-Петербург – Москва (уч. Крюково (Алабушево) – Обухово). 6 Этап – Стр-во уч. Новая Тверь. Московская обл.,gqwvIwuk~Eh@k@p@g@\Sd@Mh@FfKtCpAPHmIBkGIcF[mIkG{qAsB_e@McBY{CmDqUcB_MyFm`@{@iHc@oFSqEOmH?qCJ_KPoFvDm{@bBgd@p@iPn@iQfEybAr@wMpBi]vDkk@Xm@VUXMb@Etn@xh@n@n@lDpCzCrBvDxAnFpAdGnAzHrBbDzAdIbEhGxBdCr@dKxBtA`AhAzBz@vD\`DJpCIdCUrBo@~CmBzKuA`JgAtGa@~A]|@UNu@T_@AmDkAgI{Bu@Y_@YO[Qe@Kw@@y@Bk@Lo@Tm@VWz@IZLj@~@Nt@Fr@?z@I`AkBdKsB`JkGjVaH~UyIxUaJdSiJbRgIdM{KdOyLzMmKjKgGzEwHjFq}CtrB}HzFgIrGsDzD}E|FeDhEqQdUmRpWqVh\}e@dp@uv@rbAqQxTcXhZuU~SgNnL_E|Cqf@j\mQdJwx@j`@uJ~EosAto@aRdIiPrGePjF{NlEkXxFoXvCsQ~AsNn@mOPccA_@sWNqLf@iCRcOjB}VzEcWxHqYnL{Q`Jg[pS}AjAiTtRsFlFiOjP{z@hgAwQxRcQvN,"[{""lat"": 56.32275780541066, ""lng"": 36.60088348362479, ""address"": ""Арматурный цех ВСЖМ, 46К-9253 Лотошино - Суворово - Клин (Клинский район)"", ""date"": ""03.02.2026"", ""time"": ""08:00""}, {""lat"": 56.5175951500802, ""lng"": 36.50832367100521, ""address"": ""ВСЖМ, 6 этап, ПК5452, М-11 «Нева»"", ""date"": ""03.02.2026"", ""time"": ""20:00""}]",1259067566_03.02.2026,1259067566,03.02.2026,03.02.2026 10:00:00,04.02.2026 10:00:00,GIVED_BACK,,107,О856МЕ72,С/тягач Volvo FM Truck 6х4 12.8,"№122311/1 от 02.02.2026. ТФ ""Мостоотряд-36"" филиал АО ""Мостострой-11""",122311.0,,0.0,A362477,,,,,0.0,,,,0.0,0,0
122324,SUCCESSFULLY_COMPLETED,02.02.2026 19:55:44,перевозка частей СИНЕБОГЕНА,20.0,75.0,1.0,1.0,"ВСЖМ, 6 этап, ПК5514, М-11 «Нева»",03.02.2026,"ВСЖМ, 6 этап, ПК5600, М-11 «Нева»",03.02.2026,15259,1787664,МСК,A362477,Создание высокоскоростной ж/д мгстр. Санкт-Петербург – Москва (уч. Крюково (Алабушево) – Обухово). 6 Этап – Стр-во уч. Новая Тверь. Московская обл.,e~rwIgg`~EfK_ErDkDp@xALv@XC\MZkA|@wBdAgBR?|@j@VQZuAPgCHuDlBcElCkDvLwIfAcAVq@h@UAtBH~BVfC^tBp@pBbEdJjBfD`@b@p@j@rBzAnFhDjQlMp@|@rAfCt@jBj@|Bd@|Dx@zRPrGVhDtAlPX`F~Dg@bBKlQ|@b^hCbHl@|^i@z@Fb@RLz@ZhtA`@r@hA@dKiB~NmKjCkApr@yDzfCyMdAVbA~@zAbE~G`d@dBaBnB{CzBa@lAmA|n@yK^kBHwC_Acg@sAgDeAos@KwXYkLuEm^}Ag_Ah@}BnAm@zReG}F}JmNgUaKqO,"[{""lat"": 56.463391525144004, ""lng"": 36.54384611764882, ""address"": ""ВСЖМ, 6 этап, ПК5514, М-11 «Нева»"", ""date"": ""03.02.2026"", ""time"": ""08:00""}, {""lat"": 56.38290962839232, ""lng"": 36.56990039744653, ""address"": ""ВСЖМ, 6 этап, ПК5600, М-11 «Нева»"", ""date"": ""03.02.2026"", ""time"": ""20:00""}]",1259047362_03.02.2026,1259047362,03.02.2026,03.02.2026 10:00:00,03.02.2026 22:00:00,PRINTING,,6155,Р054МО186,С/Тягач MAN 6*6,"№122324/1 от 02.02.2026. ТФ ""Мостоотряд-15"" филиал АО ""Мостострой-11""",122324.0,,0.0,A362477,,,,,160.93,5.33,10.44,5.12,88.9,19,5.15
122325,SUCCESSFULLY_COMPLETED,02.02.2026 20:02:22,Свая,20.0,75.0,1.0,1.0,"ВСЖМ, НАкопитель песка и ЩПС, М-11 «Нева»",03.02.2026,"ВСЖМ, 6 этап, ПК5555, М-11 «Нева»",03.02.2026,31415,1614803,МСК,A362564,Создание ВСМ Санкт-Петербург – Москва (уч. Крюково (Алабушево) – Обухово). 6 Этап. Основные работы – Стр-во уч. Новая Тверь. Московская обл.,gnrwIeda~EpAnMj@bC?nBXC\MZkA|@wBdAgBR?|@j@VQZuAPgCHuDlBcElCkDvLwIfAcAVq@h@UFiJQiD[wCe@_CcIiZgCoKoAaEa@kAeAuBc@c@oMwIs@s@Ya@aK{Ro@_AUGa@?{@FyKpAoDf@_AFaAEkAe@qRmQgHaH{@mAk@cAwDiQa@eA]aBWq@zu@wv@~QsRlPqPfc@ad@vKwKtToU~h@ui@pQuQ~xA{zAfEiEvOgPdHeHfxAuyAho@mp@h{Aw|AzIyIlAIxBHvAp@fAzAdAhDxDhWxAvI~BzKnKrd@r@rCniAz{EnEtQxGlWzAjHNhCA`EMhOObDs@`DsBrEqVh\}e@dp@uv@rbAqQxTcXhZuU~SgNnL_E|Cqf@j\gCrAeMpGwx@j`@uJ~EosAto@aRdIiPrGePjF{NlEkXxFoSzB,"[{""lat"": 56.460614085125115, ""lng"": 36.54743186797045, ""address"": ""ВСЖМ, НАкопитель песка и ЩПС, М-11 «Нева»"", ""date"": ""03.02.2026"", ""time"": ""08:00""}, {""lat"": 56.445120223360064, ""lng"": 36.54432295892305, ""address"": ""ВСЖМ, 6 этап, ПК5555, М-11 «Нева»"", ""date"": ""03.02.2026"", ""time"": ""20:00""}]",825_03.02.2026,825,03.02.2026,03.02.2026 10:00:00,03.02.2026 22:00:00,PRINTING,,6156,А531АР172,С/Тягач MAN 6*6,"№122325/1 от 02.02.2026. ТФ ""Мостоотряд-15"" филиал АО ""Мостострой-11""",122325.0,,0.0,A362564,,,,,26.94,2.94,6.67,3.73,42.6,18,8.4
122326,SUCCESSFULLY_COMPLETED,02.02.2026 19:57:54,Свая,20.0,75.0,1.0,1.0,"ВСЖМ 6 этап, Мост через р.Шошу ПК5326, М-11 «Нева»",03.02.2026,"ВСЖМ 6 этап, Мост через р.Шошу ПК5326, М-11 «Нева»",03.02.2026,117,28146,МСК,A362565,Создание ВСМ Санкт-Петербург – Москва (уч. Крюково (Алабушево) – Обухово). 6 Этап. Основные работы – Стр-во уч. Новая Тверь. Тверская обл.,srlxIalr}Ee@|CCpDB^,"[{""lat"": 56.59411075932014, ""lng"": 36.47155242547397, ""address"": ""ВСЖМ 6 этап, Мост через р.Шошу ПК5326, М-11 «Нева»"", ""date"": ""03.02.2026"", ""time"": ""08:00""}, {""lat"": 56.59411075932014, ""lng"": 36.4702649751252, ""address"": ""ВСЖМ 6 этап, Мост через р.Шошу ПК5326, М-11 «Нева»"", ""date"": ""03.02.2026"", ""time"": ""20:00""}]",1259047364_03.02.2026,1259047364,03.02.2026,03.02.2026 10:00:00,03.02.2026 22:00:00,PRINTING,,524,К539АА186,С/тягач КамАЗ 44108-24,"№122326/1 от 02.02.2026. ТФ ""Мостоотряд-15"" филиал АО ""Мостострой-11""",122326.0,,0.0,A362565,,,,,2.5,0.6,12.0,11.4,33.2,12,11.03
122328,SUCCESSFULLY_COMPLETED,02.02.2026 20:29:28,гусеничный кран SENNEBOGEN 3300e,39.5,154.176,1.0,1.0,"ВСЖМ, 6 этап, ПК5514, М-11 «Нева»",03.02.2026,"ВСЖМ, 7 этап, ПК5642, городской округ Клин, Московская область",03.02.2026,46535,4057070,МСК,A362477,Создание высокоскоростной ж/д мгстр. Санкт-Петербург – Москва (уч. Крюково (Алабушево) – Обухово). 6 Этап – Стр-во уч. Новая Тверь. Московская обл.,e~rwIgg`~EfK_ErDkDp@xALv@XC\MZkA|@wBdAgBR?|@j@VQZuAPgCHuDlBcElCkDvLwIfAcAVq@h@UAtBH~BVfC^tBp@pBbEdJjBfD`@b@p@j@rBzAnFhDjQlMp@|@rAfCt@jBj@|Bd@|Dx@zRPrGVhDtAlPX`F~Dg@bBKlQ|@b^hCbHl@|^i@z@Fb@RLz@ZhtA`@r@hA@dKiB~NmKjCkApr@yDzfCyMdAVbA~@zAbE~G`d@dBaBnB{CzBa@lAmA|n@yK^kBHwC_Acg@sAgDeAos@KwXYkLuEm^}Ag_Ah@}BnAm@zReG}F}JmNgUaKqO`KpOlNfU|F|JdB_@pqAk`@tSwGz\gKjkAsAjHWZO|@}@pJmLfCeDd@g@r@k@n@Wj@CfAFf@NbBlBlAbAb@l@dBbEx@kDLSj@HHA`Ao@L?tAf@NLfA~AVh@\`BTzAT~CHd@X|@^f@f@d@v@z@^Z`Ab@~AR~@t@Zd@^^RF^gFvIoxAZoDp@wF^}Bn@wCl@_Cx@qCdB}E~@mB|@aBvAqB~g@qk@VOt@B`ByOZ{EF{ALwHHmIBkGIcF[mIkG{qAsB_e@McBY{CmDqUcB_MyFm`@{@iHc@oFSqEOmH?qCJ_KPoFvDm{@bBgd@p@iPn@iQfEybAr@wMpBi]jEsp@_NcL{@i@i@i@oA_BuA{B}BiFmEgLoBsFeEkKcBuEo@yA[qA_@uCyAgNsBqQ}@kHYkBWPS@aMbHyFbDGPCA_Ioq@]cC_@iAoBjF_BzEe@lAYf@yA~ByBzCqG~I_FvGcAlAs@bAq@hA_AnAif@pf@iRbRokA~lAqLnLcm@xm@gg@pg@q@?WPSCa@W]o@Mg@Kq@CaBDk@Po@Tk@RSb@WX?\HVVTf@RlAPzAt@pErBtOdBlLrAzIxAvI~BzKnKrd@r@rCniAz{EnEtQxGlWrOjg@Xr@^b@\JXA\MTUR]Ng@Ho@LcBHsCHsAJ_AXuA\_AhCqFdNoQlDqDvHyGlDiChz@kk@zM{I,"[{""lat"": 56.463391525144004, ""lng"": 36.54384611764882, ""address"": ""ВСЖМ, 6 этап, ПК5514, М-11 «Нева»"", ""date"": ""03.02.2026"", ""time"": ""08:00""}, {""lat"": 56.38290962839232, ""lng"": 36.56990039744653, ""address"": ""ВСЖМ, 6 этап, ПК5600, М-11 «Нева»"", ""date"": ""03.02.2026"", ""time"": ""17:00""}, {""lat"": 56.361092, ""lng"": 36.598291, ""address"": ""ВСЖМ, 7 этап, ПК5642, городской округ Клин, Московская область"", ""date"": ""03.02.2026"", ""time"": ""20:00""}]",1259067567_03.02.2026,1259067567,03.02.2026,03.02.2026 10:00:00,03.02.2026 22:00:00,PRINTING,,5789,Р338ХС72,С/Тягач MAN TGS 33.480 6х6 BB,"№122328/1 от 02.02.2026. ТФ ""Мостоотряд-15"" филиал АО ""Мостострой-11""",122328.0,,0.0,A362477,,,,,18.76,0.31,11.56,11.25,50.9,2,10.95
122344,IN_WORK,03.02.2026 12:15:34,Свая С14-35Т5,1023.4,411.74,1.0,28.0,"ВСЖМ 3 этап, ПК2694, 49Н-1234 Окуловка - Мельница",03.02.2026,"Окуловка, Дубецкая дорога",01.03.2026,5539,337308,МСК+2,A362578,Создание высокоскоростной ж/д мгстр. Санкт-Петербург – Москва (уч. Крюково (Алабушево) – Обухово). 3 Этап – Стр-во уч. Валдай ВСМ. Новгородская обл.,i}ccJ_wfjEmC_@u@Ci@Nc@`@{@`BsAtAaChE}CdH}FvNu@`Cs@bAk@f@qCj@cCbA{@Ou@g@i@aAw@aBcBoF]o@_BgBsDsBmA[sAm@iDeAwEw@eA]g@k@wCcEgAu@kD}@Yd@g@Z_@DWGe@YeCeC[AuBjG{BzHmA~C_@n@SRJh@vAbEjC`O`BnIkKjOC|AOdAS|@iBtF_AxDu@xEoErUIl@IrAPjNXzJ?zAG|AO`C_@zEc@bE{@~FgAhI{A`I]vBm@|@eJvJYj@O~@}Bn{@kBbL[z@,"[{""lat"": 58.35221091545172, ""lng"": 33.30190658394714, ""address"": ""ВСЖМ 3 этап, ПК2694, 49Н-1234 Окуловка - Мельница"", ""date"": ""03.02.2026"", ""time"": ""06:00""}, {""lat"": 58.38295340115731, ""lng"": 33.25462818145753, ""address"": ""Окуловка, Дубецкая дорога"", ""date"": ""01.03.2026"", ""time"": ""06:00""}]",1259047373_03.02.2026,1259047373,03.02.2026,03.02.2026 08:00:00,04.02.2026 08:00:00,PRINTING,,6279,Р152НК186,С/тягач MAN 6*4,"№122344/1 от 03.02.2026. ТФ ""Мостоотряд-15"" филиал АО ""Мостострой-11""",122344.0,,0.0,A362578,,,,,3.63,0.54,9.31,8.77,28.0,11,23.14
122351,IN_WORK,03.02.2026 14:39:17,груз сборный,20.0,75.0,1.0,20.0,"улица Бабушкина, Стерлитамак",03.02.2026,"проспект Братьев Коростелёвых, 181, Оренбург",28.02.2026,245985,12335102,МСК+2,A362626,Реконструкция мостового перехода через реку Сакмара (верхового) на проспекте Братьев Коростылевых в городе Оренбурге (АВТОБАН ДСК АО),oiqfIc}wtIbLjDjFrBv@^t@f@|@dAj@dAzApEd@n@n@t@xFpFvB`C`GrEdGnDhD|AhD`ApF|@`CZdBBrHa@v@?pAPfBl@dCrB|AlBpCrCb@z@Rp@TnAHj@BlA?hBBjAhEfTZhBJ~AB~@\jF`AbJJ\|@zAZZxIlGtJxAjJ`AlLp@dM\|FJ~H~@~Cf@|ANhOjC`HjH|BfCpGcVxCoMfCaKjLxLvB~BRLdQzQle@df@`HnHlIpIhI~E\?RSPe@RqAL]^_@bFgBb@K\AjFV~ENnCb@z_A|FlJb@lA?zB}@pAu@pKeHdEiCtGqEfBgBxBkDpL{S|EuJjJmSzBoB|@]t@St@Gr@BfXrJdNlFve@dZ~G~E|QrOfApAj@|@vAzCpSra@lEbIlZfh@j@v@t@v@^^fAl@lQ`Gpa@dMdD|@v_@jLtD`AlIlC~d@hNvx@~UzJnCjBp@fGjBdQ`Ftr@`T~^hLrBd@~D^ve@|CdFb@|c@|CbBNrARnAXb@PnA`AjXhVz@p@fAp@hAf@bB\trAfMpHUjBUxPo@jG_@pBSfASr@[vEgCdDyAfKuF|PuJ`EsBtI_FfLeGlLwG`NqHzg@kXh@Sr@AxALlDb@|dAzO~En@hBPz[n@fh@t@~IFjN\zNh@z_AxApGRx\bBp@Pn@d@DLTV^HXBVGhBgAPC`o@`DnClA|BfCfEfInClG~E|JjAxB|@xBfAjBn@h@v@Vv@B|MGzHMxA?`BDfKz@lMd@pEHzZBhA^~@`Az@dAp@jAl@r@z@r@n@XfABb@Gj@Ur@w@jA_Cp@eBTc@LOx@[lB?nMOpKGx@@fB^`JjEdBt@t@PjALpVl@|AXrB`ArDrAhHZjCMbKaCnt@nApDLhDq@xAiBhH{KnNaXhQk[~EmHdBcAjB_@de@El@lB|Au@fCw@`FO~e@GbPz@th@rDveD|U~HnAne@dJnhBf\nLrBnAH`CHf^oKpQ_G~TgHvAMjLlBjHlBtH|BxTlGje@rN|TtGh]~Ixp@nPja@xJrDTvE?vGHx@Xn@dA|@|Bh@r@pA^fmBbI`ZbAnoD_HhDOzB_@fCs@pDcBfjBaoA|F}BdG{AnEs@pg@Urt@tFzV]hpA_DvEBjEV~i@bFh[|CrBFlACzAY~x@w^vUkFnDi@n^wD`EWdNfAhHr@xGvBdAf@xAz@xBhBt@~@|@tA|F|KrH`O~CdIjBpFhAxEbBpKrEr]hA|FrAjFbBvExBhFfCpEjDhExCbCfC`BhD~AbD~@xO~C|T~D`QxBdUtA`eBrInSI|z@yAjTQ|CZvFbBhB|@lBp@lMnFd}C`oAvBnApFjEhs@xo@lPpOfGnF`ChBnBlArBdAjBr@jEbAtBP`CCtBe@tBu@|DoBrA_AhAcAlAqAhAeB`CgEfk@qeAps@msAlFsJxByCpC_DvC}BvDeBjKgDnEkBvFmCpHyEjDeCnCaC`FyFvBqCdBoCdUcb@lB}BtAqA`BkA~Y}ObW{MlFiBjV}Hvk@{RvZ_KbCe@nCIjBPdJfBpcAtSxCr@fIlCjIbDtInDxJxDhAdAdBxB|JjNx@z@rAbAj_Aze@zAz@nDjCrBnBhrD`cEhXvb@hLpQnO`UlAzA|CpAjARtCVjPl@hNX~F_BjAa@fAu@dA_AhAwAbAqBr@mBn@mCt@qF|@kO`BaMdCcItGaLtFcL`CuDnDkDhDoBtEoAxGcAxGUpIrAxJtBfIzC|NpIzJhGjJnHdJfItEbFrDfGnEvIfCvFlFrHpI|DhPjHjCpA~GtCjBb@~~@`Jng@dFrl@lF`h@dFzTfCjABpAQpJkBfCa@`JkB~J_CnKmChLcDdTwFjn@}PnAQh@Cr@BlAVbAj@v@z@l@dAVn@t@`C|Krd@|@xCh@xArGjPnXrs@`AnB~KdQxEzHnAfBvAvA|BjBn@^p@\fBp@nAZxATvBRhABp[HpGAfBQrAe@pAu@`As@nCyCvL}OvA{Az@o@|@k@bA_@tBc@np@cKlDo@|CShB?jN`@fCEpBMlQwDh]{H~Da@dEMvLl@`KDrHk@pEs@v^}Gt_@oDrWkB`h@wCxFi@tFy@hTwEdQgDlRmBpCWr@AxB`@hrAjb@t_@`KjwBbd@tv@~Jdw@hInSrAvrBzOj\nCx`Aj@hMRlX|@`FElEk@lf@yHtBKp@DlAR~Af@xDhCbCrAdA^pBTvAC|@OfBg@pRsHvCcAfBi@dAUdAMbA@~@L`AV`A`@dAh@p@f@zAdBh@x@d@~@xKzY|FxOzBnFtBdEhDlFlTxZ|c@dp@tr@dbAlE|FpBrB|BlBjBnAjCpAdDnA|Ct@tZvF`D~@`Bn@zBfAlC~AhCxBbBfB|BzClBnCzCvFjItPjTvd@pJ~Rb@fAx@rBd@xAjA~E`t@ziDvZb_BrH|`@rFrXvM~o@f\~~ApWlnAtRz|@pEdSbPbq@fKpc@fXphA`p@noCbEtPpfAbqErGtXlA|EpsBrtIdAbEfEnQdBdHjDhOxLpg@bFhSzDxM|GnTvFzPrl@pjBps@l{Bz]rfApP`i@jGvQdGnOxDfI`\~o@zWbi@tFfLjXji@xVbf@vVve@jJzP~Z~i@bPvXrElHjOvTdApAp_@ni@xl@fz@f_@`h@tlC|uCrGjHpHhHvF|EdGrE~DnCxDxBdErBlJfEvFxBlRjF~FhBtD|AfD~A`CzAjChBpB|AjB`BlErE~D`Ffa@ni@lYp_@rH|JjMnPbRnVdEfFjF|E|FzDvGtD`FrBzDjA~Cz@dBzA\l@Pd@Ln@Dh@@f@Ar@Gt@Kt@Sv@[|@fEaDrAu@pCkAbBg@jBYzD]`@K~GVhGNnDNbHNrDXbCZroC|b@duB`\tsCzc@fDt@t@\nAXhDh@n@Bj@EtBTlHpA~A\hI~BjoDldApm@`Q~R|F~QhFp[nJ`XnHr^vK~GtCtFvDhDpCfDxC|BbClChDxC~D`DnFfCtEnAjCfBhE`BnEff@h}AlGxSb@zBdAzDrAnEt@tBz@nBjHfT`AbCvDtIxBdEvAbCxCvEdCdDrCbDdBdBvCfCnEfDdCzAfE|BnmAzl@fc@nTbq@j\|EjBfDx@nFdAxARnWzBza@vD`Cb@fDt@`Cn@zGlC|DvBdDzBdDbC|BrBvBxB`DtDvBnC~FlJ`DhGp_@n}@bIvRbBvD`LhX`HdPnJjU|Stf@zZht@lUpj@fHpPxDrIxDtHnGhKxBbDzXf_@tNvRp{DfmF~l@tx@nK~NnFfHtDfE|DtDPn@f@nAb@vA^rALlAH`BB|AE~AIfAS~BhAmCxBqHvEgNhBqE`CsFtDaI~LiVhKeSr@{ArCoF|DmGzD{GhFiKbCkFlAwCnc@m{@`i@giAxFkMpCsFpAsB`AsAh@m@~BgBtAq@bBm@pAWrCSjGBnIHxG`@xK@vAGzHC~L@BpBJpBRtB~@dH|@|Ft@tCp@nBt@dBT^l@f@b@VXHj@@XOd@u@|DiJdLwV^i@b@_@h@WjAYl@Cl@Fz@T\TvBlD`GvKrG|KhR|ZvQhYr@jAVj@mCjG}EhKOb@@`@Vr@hBxCHRDZFfKAlYBjAHTf@XJJHXB`@@bBCbBK|@o@`DyA~EgBhFiH|U}@jDEZoBtIMjAb@p@pDhDpKhLFr@Ap@a@lCNVxAdApBjAnBj@zBd@bACjC{Ad@OZDR\ZvB^xAv@xBfAnDhAdEhJb\jDfMrClJjBlEhDhHh@n@n@RfBFbAIn@O|@k@t@m@Jp@?l@Kh@C^g@xBMNKd@KR?f@BZET,"[{""lat"": 53.669678712685354, ""lng"": 55.996060271538504, ""address"": ""улица Бабушкина, Стерлитамак"", ""date"": ""03.02.2026"", ""time"": ""08:00""}, {""lat"": 51.81279293834748, ""lng"": 55.04665851574317, ""address"": ""проспект Братьев Коростелёвых, 181, Оренбург"", ""date"": ""28.02.2026"", ""time"": ""20:00""}]",1259047387_03.02.2026,1259047387,03.02.2026,03.02.2026 10:00:00,03.02.2026 22:00:00,PRINTING,,707,В654ХН86,С/тягач Volvo FM Truck 6х4 12.8,"№122351/1 от 03.02.2026. ТФ ""Мостоотряд-15"" филиал АО ""Мостострой-11""",122351.0,,0.0,A362626,,,,,0.0,0.02,0.76,0.74,1.9,1,12.0
122358,SUCCESSFULLY_COMPLETED,03.02.2026 15:20:06,груз сборный,20.0,60.0,1.0,1.0,"Ялуторовский тракт 11-й км., 9, Тюмень",03.02.2026,Тобольск,04.02.2026,252186,12112179,МСК+2,A362420,Стр-во нового комплекса пр-ва пропилена дегидрированием пропана и деривативов пропилена (ДГП-2) на ООО «ЗапСибНефтехим».Общестр. работы выше отм. 0.00,ijn{IopxoKJwBEq@NuDr@sK?o@Ac@ISSYiFsFuCqDo@m@vTcx@`AmCn@wB\u@`@a@XKJ?ZFXVLPPf@PnAVvF?j@E~@Kr@Ul@e@b@WHe@?y@KaCIyFe@aEMuELqBLaC\cGhAsl@dPaC^{BTkFH}DQ{AOeDm@cCq@sBs@kDaBmCcBmDmCiBiB}BeCmA{A{AwBmBwCsByDe^yt@gWkh@aAcBgBuCcByBw@}@aAaAyBoB_BeAcBaAgCeAcCs@iCc@mAMuBEcB@qAHmBTcB^_Bf@_Bn@uBfA_DzBgBbBiD~DyFxIgBdC{BvCqC~CyB|BiC~BoB`ByAdAgFbDoBdAkClAqUrIgj@`SuG|BeEnAs@Lsg@~FiFb@cBEgAe@[W]a@_@u@Oa@iE{PSkBC_CVaKh@ePbEgfAvGudBrA_\tCwv@tQiuE\aGt@_Kt@yPN{EL_KJmF~HgqBdFmpA`Bub@HmG?_FsAuxAa@__@i@qYcAab@q@eV[uIa@cIk@qIeA{LaAuIw@gGeB}KeBqJ_M_n@uYsyAoB_JuAeGiRou@}CaMm@kCuA_HwA{Ho@yDeBiLu@_Gek@caFk@iGkAoOmAqKoDkV}BcSyA}NcNqmAcIsq@mDcWw@oGs@iHc@kF]{FKmBYcJGgECcK@_EB_HVwUFgBJ{BPmCt@_Jv@iIv@kG|E}[|Ggh@nA}H\aBl@mClAuEr@sBdEyK|@oCbA_ElD{Q`A_Ej@mBzAkE|Mm^j@gBxBiInAcFfCeLpa@kpB|P}x@dB}GfEeOh@{Bb@{Bj@eEv@cIj@aFfAcIhImf@bBkL|@aHfA{J|@_KtD}c@`AuOTkGJ{GCaIIgHW_IgIycB}K}cCqBod@Q{FMsGGcN?_P@_KF{F\gNf@kLzBic@bT}yDvEk|@lE_w@j@qId@{Fn@{Fj@}DjDqR|@kF`AiGbCiRhAcHfDkR|@uFjA_J`Gsk@`Fmf@~@iIhAaIhBmK|@gErFuVzBqKzAsIfBaL|AeMnAeMh@{GfCi^rFyu@rC}a@zDam@hHydAZuFl@uML}CPcHJeGJiP@sQVoOB}G?eEGkEKqDIeC[gFg@uHa@qH[aJyAu]QiF[cNGmIAsE@yXNos@GoLIcGo@iVM}Cg@oJiGu~@iAyR_@mFYwCk@_E{Ck`@iJqnAs@_Kk@aKiQg~D[gIi@kPQsII_KDwk@KmMe@qXs@yTsBml@wNwpDmBcd@_@gHo@mJYiDuKegAmBqQ}@sHy@wFyA_JiAcGoCsM_AsDkAkEkDyL{A{EuCqIgAyC}B}FeCwFgQk^uB}D_FoI_JoN{BkE{@mBw@mBsCoIkE}NwBcJql@onCed@ssBmDoNoBoH_BoFiDuKc`@_iAkOgd@yf@axAw]mcAcOod@_^siA{BwGaKk\mBcGeEkNcCaHiD_Jw@yByDsL}Lib@sAeFyAiGcAmEwBeKw@gEoDgUqAmJwA}KmAoKcWedCsAsL}AgM}A_LmKir@wSqsAiO}aAa@_DwBeR}XqgCsBmPwB{NgA{GoAiHcC{LaCkK{CaMcCaJyCuJ{CiJad@grAkEwNsAyDkFcN{C}IguAgaEeGaR_GcRaHiU}Kc`@skA_fE{BwImAwFwBgKoBgI}AqFwAmE_BmEoBwEmCgGiIwS}BiFmB_EyDyHwCmF{CkF_EiG}EaH{GmIuCeD_~@{bAoAmAaDsC_E}C{AcAqGaEmFuCeCiAsFsB{GkBmIwAqRqByEs@kDq@kD_AuHmC{DgB{DsBmEsCmGyE{CkCkCgCsGmHgEqF{A{BsBiDiGkLgDqFgCqDgDaEeKaLgAsAmHeK{~@urAeEwG}F_KuFmKuAsCeGeNcCeGi`@}gAsEyLeEsK}BuG}BmFcAkB{@qAmPeRsGwGoGeGmsAulAy_@s]cYcWyOaN{I}GuJiHkD_Cgl@ib@kIsFaP{IwHwF{A}@wAq@kAc@iAWo@GkHY_Ge@{AS}KyBwj@qLgCm@eDcAuKoEqB}@cHwDyLuHcR_Lc^iSmPqHoSuHoMqDkPiDmOyBkDYoMuAsCOoEOkKi@iCC{XHsc@_@qh@sA{Ou@}Em@mB[cDu@uGkBoDqAqB{@mGcD}DiCqB_BmEaE}AiBcByBoFuHwAeCqAeCkAiCmBeFu@{BmBcHcBqHeCgMy@yFUsBe@iGSyE[iIMgFIqGcAc}AE_IMeIMwDk@kKYaE}AcPkBaQ{@oGcCsNwAkHuB_J}C}KaEqPw@yCa@iAaAwBg@cAaDwEgAiBsAkBsGkKiUi[y_A{oAcRmWiLmOwFaHoIsLa[cb@iL_OyNqPkKaLyEwE}JkKsL_KcLmImN{Lwg@wb@qHyGaF_FsGuHqBoCoHwKsDyF}CkFmDaHmDiHkG{NsCoHmCsHaCmHgGaTmB}Hwr@ucD_Hc[sBoIiBeHwHsVwZe~@qFaQsCmKaGgWeM}j@qFyWiDyOgHc\eJ_a@aPot@_D_NmGuTsJu]eAkEgDqOyAoGkBoJ{AcJ{Gmf@m@}EqFyi@_B}RoBiXo@eG{BsRiAyIeA}GsGc\cAoEkAoEiBgGwCaJwCmI}ByF}CcHeFmKqDmGgBqCga@ml@qSuZwSkZiA_AcR{XaE}GyCwFsCyFeCqFcC}FiGaPeCeHqBiGuEuOgAeE}DkPaE{RcAqF}@qFyDuW_AeIeCaW{B{Ww@wK{@eN_Dae@eRglCuDkg@uC}\cAeK}@iIgHum@gB_Ns@qEcCcNgHa_@{D}PsAmFgBoGsBeHyEmO}CaJkDmJqDeJkDcI{J_TwDqHeIqOmEwHoWo_@oCeEaDeEeBqBotA_sAci@eh@ucBebBqk@ik@cBmBwBoCqImMgCuEuBmEgBgEwAyDcEeMeFcPeBaGaBuGuJs`@wm@edCsMii@cAaFi@yCa@qCwAqLY{CW}DQwDKqDGmDGuH?qPPay@FkiBAed@IqgAAkFMaMmF{_FM}JW}J]qM_@{JeHiyAyPgiDw@kMc@yFu@kIa@}DgBsNaQmrAmOqjAoAsJaAyIW{CeBcX[_H[{HMmEc@qRaBew@m@uRWkGc@aIe@{GaAsKyYatCgAmJiAoIqCmQkAaH_BqIiA{FuAoGsCqLmDeNaBwFsBoGkCuH}GuQqHyQyx@yiByc@wbAiFwLsB_FsDaKeDoJiBcG}BeIwAmF{DgPcFwUwRy~@aUueA_Put@mBwHqAwEqBcHkBsFoAkDaDcI_CqFeCmFgC_FkCwEqb@it@uaBctC}B_EgDiGsEaJqD_ImDkI_HeRoCqIyBsH}A_GqCgLmFqVeBoJiXe}AgAeG{@gEkCkLoAaFsA}EiDoK{AeEkA_Da]ox@oG{Oi_A_zBcQ}a@wJgUuFoLgGwL}EmIuHcMaIoLuHiJwDaEaHaHyCmCyFmE_IwFcF_DgHcEaK}EqD{AwDuAap@wT_K_DyT}FqE{@oC]_DUkDQmBCyDJ_E\yGfAkF`BmE~AkEpBwDzBsDlCqPlNuDlCsHpEsFzBoBh@}cAjQqb@vHoe@bIaLtBgJpAiCXqH`@yFLwG@gHWgFe@qCe@sKwB_NyD{EmBkCsAeKeGmE_D_CiBeJuHksAojAuH{GuHoHqoA}qAkVwVyE_E}GgGyBgBwJmGmIiE}XiMwQqHy{@{^qOmFoEmAkJkByCa@qHu@wF[gt@aAmGa@qH_A}DgAqPmF_GeC_GkC}E_D{E}DeFgF{EwFkW}^k`@sl@mFuH{RwYoD{F_EaHkC_FmCsFoFsLqCaH_CcHuBgHwB}HiVodAsNgn@}Loh@ud@snBc]ezAyCyNqC{OeA{GqCeSoBwOkDoZwG_n@wBwTqL_xAkEgg@}@wI_@iDoAmJeAoGu@sDaBgHyAwFkFgRsBgG_C_GmAmCsCcFuBeD}E{GgFiGcE_EyBoBiCmBuBiAsg@gR}CmAyNoFgIqCyPsGqHmCkF{BgGoBkCo@_De@wDUcNWaM[cKD_CFsCXeFlAo[xJeH~A}E~@yDl@kD^sLh@}CVoEf@eDf@}HjBoBv@oBbAkBrAsDzC}HtHmDvDwCnDgB~BqAvBcIxPaGhO{BrGuCtHcCxEqAxBaG`JyFtH{DrE}A`BsCfCkA|@qC|AwEtBaC|@wC~@iBd@uDv@yCb@cBPiADqNH}M?oMJmACaB[iAKuGBcBMmGAc@GUGc@[{AoBYYo@a@m@QcC_@]Ki@[q@u@U_@_@cAMe@Q}@Ky@UgESk|CGcP_EkgDkEokDSaU@YHq@\{ALYr@uAVQ~@[vbAcHUcPkAmcAkaAlGiGl@q@_j@e\tBeAuz@QeA[}@,"[{""lat"": 57.094735850000006, ""lng"": 65.66673305442129, ""address"": ""Ялуторовский тракт 11-й км., 9, Тюмень"", ""date"": ""03.02.2026"", ""time"": ""12:00""}, {""lat"": 58.23557769695699, ""lng"": 68.46692562103273, ""address"": ""Тобольск"", ""date"": ""04.02.2026"", ""time"": ""20:00""}]",837_03.02.2026,837,03.02.2026,03.02.2026 12:00:00,04.02.2026 20:00:00,PRINTING,,6280,А252ВВ172,С/Тягач MAN 6*4,№122358/1 от 03.02.2026. СУ Мостострой-11,122358.0,,0.0,A362420,,,,,298.87,5.3,12.09,6.79,134.7,12,24.23
122373,SUCCESSFULLY_COMPLETED,04.02.2026 09:16:54,Перевозка плит ПДН,20.0,60.0,1.0,56.0,"База МО36, Ялуторовский тракт 11-й км., 1 с17, Тюмень",03.02.2026,"База МО36, Ялуторовский тракт 11-й км., 1А с7, Тюмень",04.02.2026,167,30211,МСК+2,A360466,Цех ЖБИ,_im{IimyoK?_@EQkAiCgBuDEEOH,"[{""lat"": 57.089611245500016, ""lng"": 65.67142009735109, ""address"": ""База МО36, Ялуторовский тракт 11-й км., 1 с17, Тюмень"", ""date"": ""03.02.2026"", ""time"": ""20:00""}, {""lat"": 57.090707130725, ""lng"": 65.6734585762024, ""address"": ""База МО36, Ялуторовский тракт 11-й км., 1А с7, Тюмень"", ""date"": ""04.02.2026"", ""time"": ""08:00""}]",1259067732_03.02.2026,1259067732,03.02.2026,03.02.2026 20:00:00,04.02.2026 08:00:00,CLOSED,05.02.2026,523,О526МВ72,С/тягач Камаз 54105,"№122373/1 от 04.02.2026. ТФ ""Мостоотряд-36"" филиал АО ""Мостострой-11""",122373.0,11.0,0.0,A360466,,,,,0.1,0.01,2.72,2.71,11.5,2,11.96
122377,SUCCESSFULLY_COMPLETED,03.02.2026 19:35:18,Свая,20.0,75.0,1.0,1.0,"ВСЖМ, 6 этап, ПК5555, Нагорная улица, Решетниково",03.02.2026,"ВСЖМ, 6 этап, ПК5555, Нагорная улица, Решетниково",04.02.2026,70,8477,МСК,A362564,Создание ВСМ Санкт-Петербург – Москва (уч. Крюково (Алабушево) – Обухово). 6 Этап. Основные работы – Стр-во уч. Новая Тверь. Московская обл.,_howIyva~Ea@Ce@Qu@?,"[{""lat"": 56.44405004678846, ""lng"": 36.547346215019516, ""address"": ""ВСЖМ, 6 этап, ПК5555, Нагорная улица, Решетниково"", ""date"": ""03.02.2026"", ""time"": ""20:00""}, {""lat"": 56.444951117212916, ""lng"": 36.5470896722598, ""address"": ""ВСЖМ, 6 этап, ПК5555, Нагорная улица, Решетниково"", ""date"": ""04.02.2026"", ""time"": ""08:00""}]",845_03.02.2026,845,03.02.2026,03.02.2026 22:00:00,04.02.2026 10:00:00,PRINTING,,6156,А531АР172,С/Тягач MAN 6*6,"№122377/2 от 03.02.2026. ТФ ""Мостоотряд-15"" филиал АО ""Мостострой-11""",122377.0,,0.0,A362564,,,,,12.51,1.2,4.74,3.54,23.6,9,10.6
122378,SUCCESSFULLY_COMPLETED,03.02.2026 19:37:41,перевозка металлоконструкций,20.0,75.0,1.0,1.0,"ВСЖМ 6 этап, Мост через р.Шошу ПК5326, М-11 «Нева»",03.02.2026,"ВСЖМ 6 этап, Мост через р.Шошу ПК5326, М-11 «Нева»",04.02.2026,117,28146,МСК,A362565,Создание ВСМ Санкт-Петербург – Москва (уч. Крюково (Алабушево) – Обухово). 6 Этап. Основные работы – Стр-во уч. Новая Тверь. Тверская обл.,srlxIalr}Ee@|CCpDB^,"[{""lat"": 56.59411075932014, ""lng"": 36.47155242547397, ""address"": ""ВСЖМ 6 этап, Мост через р.Шошу ПК5326, М-11 «Нева»"", ""date"": ""03.02.2026"", ""time"": ""20:00""}, {""lat"": 56.59411075932014, ""lng"": 36.4702649751252, ""address"": ""ВСЖМ 6 этап, Мост через р.Шошу ПК5326, М-11 «Нева»"", ""date"": ""04.02.2026"", ""time"": ""08:00""}]",1259047400_03.02.2026,1259047400,03.02.2026,03.02.2026 22:00:00,04.02.2026 10:00:00,PRINTING,,524,К539АА186,С/тягач КамАЗ 44108-24,"№122378/1 от 03.02.2026. ТФ ""Мостоотряд-15"" филиал АО ""Мостострой-11""",122378.0,,0.0,A362565,,,,,8.0,1.59,8.56,6.97,28.4,15,10.16
122382,SUCCESSFULLY_COMPLETED,03.02.2026 19:43:03,Буровое оборудование,20.0,69.12,1.0,1.0,"ВСЖМ, 6 этап, ПК5452, М-11 «Нева»",03.02.2026,"Вельмогово, М-11 «Нева»",04.02.2026,27026,1906525,МСК,A362477,Создание высокоскоростной ж/д мгстр. Санкт-Петербург – Москва (уч. Крюково (Алабушево) – Обухово). 6 Этап – Стр-во уч. Новая Тверь. Московская обл.,gl}wIw~x}EuAhAeShM}OvH{lA`c@cu@`V_dAja@wnAtj@wCTmAUo@Yc@WaByAUYWOUESB_@TOTSh@G\EbABdAdCnZz@hIBfCKhBS|A{A~DyEhIiElI}ArBwAlAeDaQgIw`@aJmb@yAyJW}BGy@A{@?gSL_Q@oDCkGK}I_@{NrFaDtUoN~dB}bAjj@k\dz@of@bkAgl@`N{GfHiDbAYxF_AfAIdBChHLp@Ep@ObAe@dAu@pFqFp^m_@~`@qa@xyAa|AraBmcBbX}XVp@\`B`@dAvDhQj@bAz@lAfH`HpRlQjAd@`AD~@GnDg@xKqAz@G`@?TFn@~@`KzRX`@r@r@nMvIb@b@dAtBpBlGfCnKbIhZd@~BZvCPhDGhJi@TWp@gAbAwLvImCjDmBbEItDQfC[tAWP}@k@S?eAfB}@vB[jA]LYBMw@q@yAsDjDqKdEwC`@iCFgBs@aEz@gOhCt@cA,"[{""lat"": 56.51744362624301, ""lng"": 36.5084352493307, ""address"": ""ВСЖМ, 6 этап, ПК5452, М-11 «Нева»"", ""date"": ""03.02.2026"", ""time"": ""20:00""}, {""lat"": 56.46876837112266, ""lng"": 36.542707439545296, ""address"": ""Вельмогово, М-11 «Нева»"", ""date"": ""04.02.2026"", ""time"": ""01:00""}]",1259067566_03.02.2026,1259067566,03.02.2026,03.02.2026 10:00:00,04.02.2026 10:00:00,GIVED_BACK,,107,О856МЕ72,С/тягач Volvo FM Truck 6х4 12.8,"№122382/1 от 03.02.2026. ТФ ""Мостоотряд-36"" филиал АО ""Мостострой-11""",122382.0,,,A362477,,,,,0.0,,,,0.0,0,0
